accession	oxytolerance
RS_GCF_001040945.1	aerobe
RS_GCF_007995015.1	aerobe
RS_GCF_900100655.1	aerobe
RS_GCF_000243235.1	aerobe
RS_GCF_003387535.1	aerobe
RS_GCF_003067705.1	aerobe
RS_GCF_014207655.1	aerobe
RS_GCF_000169175.1	aerobe
RS_GCF_000012865.1	anaerobe
RS_GCF_008831035.1	anaerobe
RS_GCF_000421825.1	aerobe
RS_GCF_000429785.1	aerobe
RS_GCF_014206945.1	aerobe
RS_GCF_000526375.1	anaerobe
RS_GCF_001311925.1	anaerobe
RS_GCF_002165625.1	aerobe
RS_GCF_000153705.1	aerobe
RS_GCF_900129725.1	aerobe
RS_GCF_002087085.1	anaerobe
RS_GCF_000315425.1	aerobe
RS_GCF_000620765.1	anaerobe
RS_GCF_004339015.1	aerobe
RS_GCF_003843875.1	aerobe
RS_GCF_013377755.1	anaerobe
RS_GCF_000383875.1	aerobe
RS_GCF_000258405.1	anaerobe
RS_GCF_000425385.1	aerobe
RS_GCF_004322855.1	aerobe
RS_GCF_000271485.2	anaerobe
RS_GCF_000214035.1	aerobe
RS_GCF_003234965.1	aerobe
RS_GCF_001720135.1	aerobe
RS_GCF_000147715.2	anaerobe
RS_GCF_001646865.1	aerobe
RS_GCF_000165465.1	anaerobe
RS_GCF_007829035.1	aerobe
RS_GCF_900107015.1	aerobe
RS_GCF_000023105.1	aerobe
RS_GCF_000215935.2	anaerobe
RS_GCF_004362525.1	aerobe
RS_GCF_001907975.1	aerobe
RS_GCF_003385775.1	aerobe
RS_GCF_000015585.1	anaerobe
RS_GCF_000092425.1	aerobe
RS_GCF_003253995.1	aerobe
RS_GCF_002937115.1	anaerobe
RS_GCF_000020465.1	anaerobe
RS_GCF_004339575.1	anaerobe
RS_GCF_000337515.1	aerobe
RS_GCF_000429925.1	anaerobe
RS_GCF_014596935.1	aerobe
RS_GCF_001006045.1	anaerobe
GB_GCA_014643535.1	aerobe
RS_GCF_000169235.1	anaerobe
RS_GCF_000512235.1	anaerobe
RS_GCF_007988965.1	aerobe
RS_GCF_002201475.1	anaerobe
RS_GCF_900103835.1	anaerobe
RS_GCF_900636535.1	aerobe
RS_GCF_900129645.1	anaerobe
RS_GCF_000733935.1	aerobe
RS_GCF_002209565.1	aerobe
RS_GCF_000378205.1	anaerobe
RS_GCF_006715055.1	aerobe
RS_GCF_002886255.1	aerobe
RS_GCF_000379165.1	aerobe
RS_GCF_001945525.1	anaerobe
RS_GCF_000427685.1	aerobe
RS_GCF_000374545.1	anaerobe
RS_GCF_000092205.1	anaerobe
RS_GCF_004339245.1	anaerobe
RS_GCF_001552435.1	aerobe
RS_GCF_000423125.1	aerobe
RS_GCF_004793635.1	aerobe
RS_GCF_000173975.1	anaerobe
RS_GCF_000014285.2	aerobe
RS_GCF_003402235.1	aerobe
RS_GCF_000017805.1	anaerobe
GB_GCA_014646815.1	aerobe
RS_GCF_900119185.1	aerobe
RS_GCF_002954265.1	aerobe
RS_GCF_003317055.1	anaerobe
RS_GCF_000966195.1	aerobe
RS_GCF_000507245.1	anaerobe
GB_GCA_014640155.1	aerobe
RS_GCF_000243155.2	anaerobe
RS_GCF_004217565.1	aerobe
RS_GCF_001563225.1	anaerobe
RS_GCF_000807275.1	anaerobe
RS_GCF_000701905.1	anaerobe
RS_GCF_900111095.1	aerobe
RS_GCF_000217995.1	anaerobe
RS_GCF_010820565.1	anaerobe
RS_GCF_900187265.1	aerobe
RS_GCF_003290025.1	aerobe
RS_GCF_000313565.1	anaerobe
RS_GCF_000365025.1	aerobe
RS_GCF_000183725.1	anaerobe
RS_GCF_000023925.1	aerobe
RS_GCF_900102915.1	aerobe
RS_GCF_004364325.1	aerobe
RS_GCF_000374145.1	aerobe
GB_GCA_014640535.1	aerobe
RS_GCF_900460465.1	aerobe
RS_GCF_000018465.1	aerobe
RS_GCF_000372745.1	aerobe
RS_GCF_003688285.1	aerobe
RS_GCF_000013665.1	aerobe
RS_GCF_000496075.1	aerobe
RS_GCF_006717075.1	aerobe
RS_GCF_902506685.1	anaerobe
RS_GCF_004005845.1	aerobe
RS_GCF_003337555.1	aerobe
RS_GCF_001562425.1	anaerobe
RS_GCF_003315205.1	aerobe
RS_GCF_000007305.1	anaerobe
RS_GCF_003752415.1	aerobe
RS_GCF_000020965.1	anaerobe
RS_GCF_010078385.1	aerobe
RS_GCF_011927795.1	aerobe
RS_GCF_000374125.1	aerobe
RS_GCF_006716675.1	aerobe
RS_GCF_003856495.1	aerobe
RS_GCF_000469585.1	anaerobe
RS_GCF_003074135.1	aerobe
RS_GCF_000526435.1	anaerobe
RS_GCF_000686525.1	anaerobe
RS_GCF_000376245.1	aerobe
GB_GCA_014647235.1	aerobe
RS_GCF_000025485.1	anaerobe
RS_GCF_000696075.1	aerobe
RS_GCF_000009905.1	anaerobe
RS_GCF_007830055.1	aerobe
RS_GCF_000328665.1	anaerobe
RS_GCF_012979235.1	anaerobe
RS_GCF_000828635.1	anaerobe
RS_GCF_014467075.1	anaerobe
RS_GCF_001465595.2	aerobe
RS_GCF_000688655.1	aerobe
RS_GCF_000191045.1	anaerobe
RS_GCF_900115825.1	aerobe
RS_GCF_000375425.1	aerobe
RS_GCF_003096535.1	anaerobe
RS_GCF_004348825.1	aerobe
RS_GCF_900113055.1	aerobe
RS_GCF_900114455.1	aerobe
RS_GCF_014204935.1	aerobe
RS_GCF_000382245.1	aerobe
RS_GCF_000217795.1	anaerobe
RS_GCF_002355595.1	aerobe
RS_GCF_009930795.1	aerobe
RS_GCF_000421225.1	aerobe
RS_GCF_006974145.1	aerobe
RS_GCF_003865015.1	anaerobe
RS_GCF_000020225.1	anaerobe
RS_GCF_000312445.1	anaerobe
RS_GCF_009834025.1	aerobe
RS_GCF_014190775.1	aerobe
RS_GCF_000951135.1	aerobe
RS_GCF_005952805.1	aerobe
RS_GCF_000246855.1	aerobe
RS_GCF_000423185.1	aerobe
RS_GCF_003640665.1	aerobe
RS_GCF_003293745.1	aerobe
RS_GCF_900102025.1	anaerobe
RS_GCF_001730235.1	anaerobe
RS_GCF_014202435.1	aerobe
GB_GCA_000210715.1	anaerobe
RS_GCF_004115085.1	aerobe
RS_GCF_003991135.1	anaerobe
RS_GCF_004363215.1	anaerobe
RS_GCF_012848855.1	aerobe
RS_GCF_002943755.1	aerobe
RS_GCF_002899715.1	anaerobe
RS_GCF_000018865.1	anaerobe
RS_GCF_001881565.1	anaerobe
RS_GCF_000423365.1	aerobe
RS_GCF_003609645.1	anaerobe
RS_GCF_001748225.1	anaerobe
RS_GCF_004359525.2	aerobe
RS_GCF_004341685.1	anaerobe
RS_GCF_004341945.1	anaerobe
RS_GCF_002115725.1	aerobe
RS_GCF_001049735.1	aerobe
RS_GCF_003814515.1	aerobe
RS_GCF_000647975.1	aerobe
RS_GCF_000969705.1	aerobe
RS_GCF_006742065.1	anaerobe
RS_GCF_001598855.1	aerobe
RS_GCF_000372865.1	aerobe
RS_GCF_000173815.1	anaerobe
RS_GCF_000284515.1	aerobe
RS_GCF_006716065.1	aerobe
RS_GCF_003633725.1	anaerobe
RS_GCF_007743815.1	aerobe
RS_GCF_002270055.1	anaerobe
RS_GCF_001653755.1	aerobe
RS_GCF_900142165.1	anaerobe
RS_GCF_008087665.1	aerobe
RS_GCF_001274945.1	anaerobe
RS_GCF_000512895.1	anaerobe
RS_GCF_003010495.1	anaerobe
RS_GCF_000379665.1	anaerobe
RS_GCF_001956985.1	aerobe
RS_GCF_009664085.1	anaerobe
RS_GCF_900129945.1	anaerobe
RS_GCF_000931935.2	anaerobe
RS_GCF_000346615.1	aerobe
RS_GCF_000023785.1	aerobe
RS_GCF_000429585.1	aerobe
RS_GCF_004342915.1	aerobe
RS_GCF_000600975.2	aerobe
RS_GCF_000379785.1	aerobe
RS_GCF_000020985.1	anaerobe
RS_GCF_900129995.1	anaerobe
RS_GCF_006539685.1	aerobe
RS_GCF_000025725.1	anaerobe
RS_GCF_000166395.1	aerobe
RS_GCF_900101825.1	aerobe
RS_GCF_000368965.1	aerobe
RS_GCF_900130025.1	anaerobe
RS_GCF_014191305.1	aerobe
RS_GCF_000172635.2	aerobe
RS_GCF_000208405.1	anaerobe
RS_GCF_000025985.1	anaerobe
RS_GCF_000266945.1	anaerobe
RS_GCF_000169155.1	anaerobe
RS_GCF_900184895.1	aerobe
RS_GCF_008369105.1	aerobe
RS_GCF_900109365.1	aerobe
RS_GCF_900107355.1	aerobe
RS_GCF_000504205.1	anaerobe
RS_GCF_902813185.1	aerobe
RS_GCF_000517565.1	anaerobe
RS_GCF_900637055.1	aerobe
RS_GCF_002797875.1	anaerobe
RS_GCF_001854245.1	anaerobe
RS_GCF_012295615.1	aerobe
RS_GCF_004362855.1	aerobe
GB_GCA_000214705.1	anaerobe
RS_GCF_003664005.1	anaerobe
RS_GCF_000963905.1	aerobe
RS_GCF_000024985.1	aerobe
RS_GCF_000146285.1	anaerobe
RS_GCF_003426815.1	aerobe
RS_GCF_000315525.1	aerobe
RS_GCF_001481685.1	anaerobe
RS_GCF_001375595.1	aerobe
RS_GCF_004354915.1	aerobe
RS_GCF_000510645.1	anaerobe
RS_GCF_004364555.1	aerobe
RS_GCF_000738435.1	aerobe
GB_GCA_014646655.1	aerobe
RS_GCF_000281175.1	anaerobe
RS_GCF_900103915.1	aerobe
RS_GCF_000154725.1	aerobe
RS_GCF_000375465.1	aerobe
RS_GCF_000024105.1	anaerobe
RS_GCF_000173415.1	aerobe
RS_GCF_004154955.1	anaerobe
RS_GCF_000384135.1	anaerobe
RS_GCF_000702165.1	anaerobe
RS_GCF_900101815.1	aerobe
RS_GCF_000015145.1	anaerobe
RS_GCF_900106935.1	aerobe
RS_GCF_000218625.1	anaerobe
RS_GCF_900015215.1	anaerobe
RS_GCF_000426305.1	anaerobe
RS_GCF_003412455.1	aerobe
RS_GCF_009900765.1	aerobe
RS_GCF_003253565.1	aerobe
GB_GCA_006974205.1	aerobe
RS_GCF_002843425.1	aerobe
RS_GCF_000423525.1	anaerobe
RS_GCF_900182565.1	aerobe
RS_GCF_900101835.1	anaerobe
RS_GCF_900182575.1	aerobe
RS_GCF_000017625.1	anaerobe
RS_GCF_000013445.1	anaerobe
RS_GCF_008124615.1	anaerobe
RS_GCF_000189755.2	anaerobe
RS_GCF_000482485.1	aerobe
RS_GCF_001975225.1	aerobe
RS_GCF_900113645.1	anaerobe
RS_GCF_900111795.1	anaerobe
RS_GCF_006716205.1	aerobe
RS_GCF_003003005.1	aerobe
RS_GCF_000157995.1	anaerobe
RS_GCF_000419585.1	aerobe
RS_GCF_001306115.1	anaerobe
RS_GCF_000601455.1	anaerobe
RS_GCF_001953055.1	aerobe
RS_GCF_002214365.1	anaerobe
RS_GCF_000426225.1	anaerobe
RS_GCF_003967195.1	anaerobe
RS_GCF_014202645.1	aerobe
RS_GCF_014202695.1	anaerobe
RS_GCF_901482605.1	anaerobe
RS_GCF_000144405.1	anaerobe
RS_GCF_000242615.2	anaerobe
RS_GCF_002904165.1	anaerobe
RS_GCF_000024605.1	anaerobe
RS_GCF_000190635.1	anaerobe
RS_GCF_003001905.1	aerobe
RS_GCF_000420305.1	aerobe
RS_GCF_000946815.1	anaerobe
RS_GCF_000016545.1	anaerobe
RS_GCF_003990915.1	aerobe
RS_GCF_002167005.1	aerobe
RS_GCF_008801845.1	aerobe
RS_GCF_014202315.1	aerobe
RS_GCF_008933115.1	aerobe
RS_GCF_001558255.2	aerobe
RS_GCF_900115865.1	aerobe
RS_GCF_000153345.1	aerobe
RS_GCF_000233695.2	anaerobe
GB_GCA_001316325.1	anaerobe
GB_GCA_014652135.1	aerobe
RS_GCF_000482845.1	anaerobe
RS_GCF_000020945.1	anaerobe
RS_GCF_003885045.1	anaerobe
RS_GCF_000527155.1	aerobe
RS_GCF_000421645.1	aerobe
RS_GCF_004342905.1	aerobe
RS_GCF_000025865.1	anaerobe
RS_GCF_900129225.1	anaerobe
RS_GCF_001517835.1	anaerobe
RS_GCF_004363315.1	aerobe
RS_GCF_014207595.1	aerobe
RS_GCF_000304355.2	anaerobe
RS_GCF_000154285.1	anaerobe
RS_GCF_000757385.1	aerobe
RS_GCF_003843835.1	aerobe
RS_GCF_000024125.1	aerobe
GB_GCA_000715825.1	aerobe
RS_GCF_000167355.1	anaerobe
RS_GCF_000429565.1	aerobe
RS_GCF_000378125.1	aerobe
RS_GCF_900103005.1	anaerobe
RS_GCF_000092865.1	aerobe
RS_GCF_003056725.1	aerobe
RS_GCF_003097615.1	aerobe
RS_GCF_900167335.1	anaerobe
RS_GCF_900176005.1	anaerobe
RS_GCF_900141895.1	anaerobe
RS_GCF_003143535.1	aerobe
RS_GCF_000188195.1	anaerobe
RS_GCF_003815015.1	anaerobe
RS_GCF_000387765.1	anaerobe
GB_GCA_014642875.1	aerobe
RS_GCF_000420805.1	aerobe
RS_GCF_000765475.1	anaerobe
RS_GCF_000379485.1	aerobe
RS_GCF_001293125.1	anaerobe
RS_GCF_008124525.1	aerobe
RS_GCF_002283365.1	aerobe
RS_GCF_000025905.1	aerobe
RS_GCF_001462395.1	anaerobe
RS_GCF_000314975.1	aerobe
RS_GCF_900128885.1	anaerobe
RS_GCF_014202825.1	aerobe
RS_GCF_900096945.1	anaerobe
RS_GCF_004345265.1	anaerobe
RS_GCF_004363075.1	aerobe
RS_GCF_000711215.1	anaerobe
RS_GCF_900101785.1	aerobe
RS_GCF_000166055.1	anaerobe
RS_GCF_000178855.1	aerobe
RS_GCF_900188325.1	aerobe
RS_GCF_000233955.1	anaerobe
RS_GCF_900108225.1	aerobe
RS_GCF_012222965.1	aerobe
RS_GCF_003660445.1	aerobe
RS_GCF_000374045.1	aerobe
RS_GCF_000519125.1	anaerobe
RS_GCF_014202495.1	aerobe
RS_GCF_004217445.1	aerobe
RS_GCF_003208435.1	aerobe
RS_GCF_000156655.1	anaerobe
RS_GCF_000008545.1	anaerobe
RS_GCF_001999965.1	anaerobe
RS_GCF_000143165.1	anaerobe
RS_GCF_001593005.1	aerobe
RS_GCF_004343355.1	anaerobe
RS_GCF_001042695.1	anaerobe
RS_GCF_004363305.1	aerobe
RS_GCF_002933875.1	anaerobe
RS_GCF_001010355.1	aerobe
RS_GCF_002157225.2	aerobe
RS_GCF_900167005.1	anaerobe
RS_GCF_000733765.1	aerobe
RS_GCF_900115665.1	aerobe
RS_GCF_004341395.1	anaerobe
RS_GCF_900142145.1	anaerobe
RS_GCF_003994485.1	aerobe
RS_GCF_000420645.1	aerobe
RS_GCF_004366815.1	anaerobe
RS_GCF_000178115.2	anaerobe
RS_GCF_900102055.1	aerobe
RS_GCF_000308215.1	anaerobe
RS_GCF_003014675.1	aerobe
RS_GCF_000174435.1	anaerobe
RS_GCF_900103135.1	anaerobe
RS_GCF_900114975.1	anaerobe
RS_GCF_001586195.1	aerobe
RS_GCF_014203025.1	anaerobe
RS_GCF_900116665.1	aerobe
RS_GCF_000423105.1	aerobe
RS_GCF_011764565.1	aerobe
RS_GCF_003269275.1	anaerobe
RS_GCF_000375345.1	aerobe
RS_GCF_000253055.1	anaerobe
RS_GCF_003014485.1	aerobe
RS_GCF_900130015.1	anaerobe
RS_GCF_900108045.1	anaerobe
RS_GCF_000190595.1	aerobe
RS_GCF_001687335.1	anaerobe
RS_GCF_002117005.1	anaerobe
RS_GCF_000376385.1	anaerobe
RS_GCF_000987835.1	anaerobe
RS_GCF_000439105.1	anaerobe
RS_GCF_900115065.1	anaerobe
RS_GCF_001042675.1	anaerobe
RS_GCF_000023325.1	anaerobe
RS_GCF_900188415.1	aerobe
RS_GCF_000014805.1	aerobe
RS_GCF_000981035.1	anaerobe
RS_GCF_900112795.1	anaerobe
RS_GCF_000515255.1	anaerobe
RS_GCF_000711875.1	aerobe
RS_GCF_900460215.1	aerobe
RS_GCF_005377625.1	anaerobe
RS_GCF_006716095.1	aerobe
RS_GCF_001719615.1	aerobe
RS_GCF_000743455.1	aerobe
RS_GCF_000298295.1	aerobe
RS_GCF_005518135.1	aerobe
RS_GCF_014202115.1	anaerobe
RS_GCF_900141995.1	aerobe
RS_GCF_000473365.1	aerobe
RS_GCF_000270185.1	anaerobe
RS_GCF_003096595.1	aerobe
RS_GCF_900142245.1	anaerobe
RS_GCF_900104745.1	aerobe
RS_GCF_900107205.1	aerobe
RS_GCF_012720115.1	aerobe
RS_GCF_011317445.1	aerobe
RS_GCF_001787335.1	aerobe
RS_GCF_001469955.1	aerobe
RS_GCF_000015445.1	aerobe
RS_GCF_003752155.1	anaerobe
RS_GCF_013410455.1	aerobe
RS_GCF_000379465.1	aerobe
RS_GCF_000091665.1	anaerobe
RS_GCF_000380985.1	anaerobe
GB_GCA_000010565.1	anaerobe
RS_GCF_014201135.1	aerobe
RS_GCF_000428525.1	aerobe
RS_GCF_008124865.1	aerobe
RS_GCF_003352165.1	aerobe
RS_GCF_000375545.1	aerobe
RS_GCF_001564455.1	anaerobe
RS_GCF_000011905.1	anaerobe
RS_GCF_003123725.1	aerobe
RS_GCF_003688555.1	aerobe
RS_GCF_900141865.1	anaerobe
RS_GCF_003967175.1	aerobe
RS_GCF_003350405.1	aerobe
RS_GCF_000155955.1	anaerobe
RS_GCF_000305935.1	anaerobe
RS_GCF_000620125.1	anaerobe
RS_GCF_000008645.1	anaerobe
RS_GCF_011761345.1	aerobe
RS_GCF_000733475.1	aerobe
RS_GCF_003987015.1	aerobe
RS_GCF_013409575.1	anaerobe
RS_GCF_000298215.1	aerobe
RS_GCF_000160115.1	anaerobe
RS_GCF_900142125.1	anaerobe
RS_GCF_014191505.1	aerobe
RS_GCF_000687145.1	anaerobe
RS_GCF_000177335.1	anaerobe
RS_GCF_000237805.1	anaerobe
RS_GCF_900104045.1	anaerobe
RS_GCF_900447535.1	aerobe
RS_GCF_000058485.1	aerobe
RS_GCF_009711405.1	aerobe
RS_GCF_000515395.1	aerobe
RS_GCF_000970025.1	anaerobe
RS_GCF_000199675.1	anaerobe
RS_GCF_003991195.1	aerobe
RS_GCF_004342165.1	anaerobe
RS_GCF_001945605.1	anaerobe
RS_GCF_000423485.1	anaerobe
RS_GCF_003046185.1	aerobe
RS_GCF_900129915.1	anaerobe
RS_GCF_003148565.1	aerobe
RS_GCF_003634555.1	aerobe
RS_GCF_000735345.1	aerobe
RS_GCF_002943565.1	aerobe
RS_GCF_008386315.1	aerobe
RS_GCF_002866065.1	aerobe
RS_GCF_000382325.1	aerobe
RS_GCF_000025885.1	anaerobe
RS_GCF_000236705.1	aerobe
RS_GCF_000429825.1	aerobe
RS_GCF_900186865.1	aerobe
RS_GCF_003258865.1	anaerobe
RS_GCF_000018145.1	aerobe
RS_GCF_004341205.1	aerobe
RS_GCF_900188115.1	aerobe
RS_GCF_001277805.1	aerobe
RS_GCF_007992075.1	anaerobe
RS_GCF_000442315.1	aerobe
RS_GCF_003201875.1	anaerobe
RS_GCF_000012545.1	anaerobe
RS_GCF_000384195.1	anaerobe
RS_GCF_001552615.1	aerobe
RS_GCF_000017405.1	aerobe
RS_GCF_000092825.1	aerobe
RS_GCF_000235605.1	anaerobe
RS_GCF_003688725.1	aerobe
RS_GCF_000517625.1	aerobe
RS_GCF_000367325.1	aerobe
RS_GCF_003555545.1	aerobe
RS_GCF_006802875.1	anaerobe
RS_GCF_900129815.1	anaerobe
RS_GCF_000025305.1	anaerobe
RS_GCF_009729035.1	anaerobe
RS_GCF_006716115.1	aerobe
RS_GCF_001654855.1	aerobe
RS_GCF_000768705.1	aerobe
RS_GCF_014218335.1	anaerobe
RS_GCF_001865995.1	anaerobe
RS_GCF_002871005.1	aerobe
RS_GCF_001306055.1	anaerobe
RS_GCF_011683915.1	aerobe
GB_GCA_010509075.1	anaerobe
RS_GCF_000430995.1	anaerobe
RS_GCF_000764025.1	aerobe
RS_GCF_900087055.1	aerobe
RS_GCF_002797855.1	aerobe
RS_GCF_000739895.2	aerobe
RS_GCF_000023465.1	aerobe
GB_GCA_001312445.1	anaerobe
RS_GCF_000770675.1	aerobe
RS_GCF_003402575.1	anaerobe
RS_GCF_002954725.1	aerobe
GB_GCA_000934545.1	aerobe
RS_GCF_003691585.1	anaerobe
RS_GCF_900129455.1	aerobe
RS_GCF_004345675.1	anaerobe
RS_GCF_000735435.1	aerobe
RS_GCF_014202215.1	aerobe
RS_GCF_003335215.1	aerobe
RS_GCF_900108185.1	aerobe
RS_GCF_000735525.1	aerobe
RS_GCF_003336875.1	aerobe
RS_GCF_900182585.1	anaerobe
RS_GCF_900096565.1	anaerobe
RS_GCF_003730115.1	aerobe
RS_GCF_000428585.1	aerobe
RS_GCF_000734015.1	anaerobe
RS_GCF_003315515.1	aerobe
RS_GCF_000020005.1	anaerobe
RS_GCF_000379625.1	aerobe
RS_GCF_000307105.1	anaerobe
RS_GCF_002863865.1	aerobe
RS_GCF_004366355.1	aerobe
RS_GCF_900104455.1	anaerobe
RS_GCF_001890925.1	aerobe
RS_GCF_900184945.1	aerobe
RS_GCF_002795425.1	aerobe
RS_GCF_000427445.1	aerobe
RS_GCF_000219125.1	anaerobe
RS_GCF_001580025.1	aerobe
RS_GCF_006159205.1	aerobe
RS_GCF_001586165.1	aerobe
RS_GCF_000423645.1	aerobe
RS_GCF_900148505.1	aerobe
RS_GCF_000619885.1	aerobe
RS_GCF_000330725.2	aerobe
RS_GCF_003605635.1	aerobe
RS_GCF_000024185.1	anaerobe
RS_GCF_000964365.1	aerobe
RS_GCF_000428885.1	anaerobe
RS_GCF_001652585.1	anaerobe
RS_GCF_002003465.1	aerobe
RS_GCF_900129135.1	anaerobe
RS_GCF_003337715.1	aerobe
RS_GCF_000973105.1	aerobe
RS_GCF_000949455.1	anaerobe
RS_GCF_002806995.1	aerobe
RS_GCF_003386075.1	aerobe
RS_GCF_000427405.1	aerobe
RS_GCF_014202995.1	aerobe
RS_GCF_001632775.1	aerobe
RS_GCF_000424985.1	aerobe
RS_GCF_900231835.1	aerobe
RS_GCF_000379445.1	aerobe
RS_GCF_014191425.1	aerobe
GB_GCA_014644735.1	aerobe
RS_GCF_000406105.1	aerobe
RS_GCF_000092225.1	aerobe
RS_GCF_000011005.1	anaerobe
RS_GCF_002017865.1	anaerobe
RS_GCF_900103505.1	aerobe
RS_GCF_000295935.2	aerobe
RS_GCF_000023845.1	anaerobe
RS_GCF_002973595.1	aerobe
RS_GCF_900113635.1	anaerobe
RS_GCF_004361735.1	aerobe
RS_GCF_901472455.1	aerobe
RS_GCF_000421145.1	aerobe
GB_GCA_004291335.1	aerobe
RS_GCF_002007645.1	anaerobe
RS_GCF_014202575.1	aerobe
RS_GCF_900111395.1	aerobe
RS_GCF_900109225.1	anaerobe
RS_GCF_000420465.1	anaerobe
RS_GCF_000025505.1	anaerobe
RS_GCF_000152805.1	aerobe
RS_GCF_000469305.1	anaerobe
RS_GCF_000382125.1	aerobe
RS_GCF_007993035.1	aerobe
RS_GCF_900176035.1	anaerobe
RS_GCF_014204945.1	aerobe
RS_GCF_001306455.1	aerobe
RS_GCF_001927285.1	aerobe
RS_GCF_000172155.1	aerobe
RS_GCF_000426625.1	anaerobe
RS_GCF_000585335.1	anaerobe
RS_GCF_001294465.1	aerobe
RS_GCF_000183405.1	anaerobe
RS_GCF_000021965.1	anaerobe
RS_GCF_014207435.1	aerobe
RS_GCF_004851605.1	aerobe
GB_GCA_001311865.1	aerobe
RS_GCF_001886815.1	anaerobe
GB_GCA_014640095.1	aerobe
RS_GCF_000374525.1	aerobe
RS_GCF_001708935.1	aerobe
RS_GCF_000745835.1	aerobe
RS_GCF_900112605.1	aerobe
RS_GCF_900128955.1	anaerobe
RS_GCF_006539865.1	aerobe
RS_GCF_900142105.1	anaerobe
RS_GCF_900129305.1	anaerobe
RS_GCF_009936215.1	anaerobe
RS_GCF_900099695.1	anaerobe
RS_GCF_001611555.1	anaerobe
RS_GCF_000518485.1	aerobe
RS_GCF_003932505.1	aerobe
RS_GCF_000264495.1	anaerobe
RS_GCF_900129355.1	aerobe
RS_GCF_900113245.1	aerobe
RS_GCF_000154565.1	anaerobe
RS_GCF_000698595.1	aerobe
RS_GCF_000473955.1	anaerobe
RS_GCF_000196135.1	anaerobe
RS_GCF_000154825.1	anaerobe
RS_GCF_003814695.1	aerobe
RS_GCF_000166095.1	anaerobe
RS_GCF_900106695.1	aerobe
RS_GCF_000247605.1	anaerobe
RS_GCF_000422285.1	anaerobe
RS_GCF_900130065.1	anaerobe
RS_GCF_001518015.1	aerobe
RS_GCF_900182665.1	anaerobe
RS_GCF_000025945.1	anaerobe
RS_GCF_003351105.1	anaerobe
RS_GCF_000425685.1	aerobe
RS_GCF_900102695.1	anaerobe
RS_GCF_900177295.1	aerobe
RS_GCF_000425645.1	aerobe
RS_GCF_004362825.1	aerobe
RS_GCF_009729545.1	anaerobe
RS_GCF_000744705.1	aerobe
RS_GCF_013408795.1	aerobe
RS_GCF_001050275.1	anaerobe
RS_GCF_000305785.2	aerobe
RS_GCF_003363015.1	aerobe
RS_GCF_000526155.1	anaerobe
RS_GCF_002591915.1	aerobe
RS_GCF_000284375.1	aerobe
RS_GCF_000015945.1	anaerobe
RS_GCF_900105615.1	anaerobe
RS_GCF_000615005.1	aerobe
RS_GCF_900102855.1	anaerobe
RS_GCF_003024685.1	anaerobe
RS_GCF_900176595.1	aerobe
RS_GCF_002043005.1	aerobe
RS_GCF_001754075.1	anaerobe
RS_GCF_006569185.1	aerobe
RS_GCF_001591465.1	aerobe
RS_GCF_000384815.1	anaerobe
RS_GCF_000238915.1	aerobe
RS_GCF_003258835.1	anaerobe
RS_GCF_900100385.1	aerobe
RS_GCF_000213255.1	anaerobe
RS_GCF_001598255.1	aerobe
RS_GCF_000258425.1	anaerobe
RS_GCF_000017645.1	aerobe
RS_GCF_900187035.1	anaerobe
RS_GCF_000714535.1	aerobe
RS_GCF_001192835.1	anaerobe
GB_GCA_000383895.1	aerobe
RS_GCF_000376945.1	aerobe
RS_GCF_000377745.1	aerobe
RS_GCF_000426505.1	aerobe
RS_GCF_003149185.1	aerobe
RS_GCF_004345905.1	anaerobe
RS_GCF_000019965.1	anaerobe
GB_GCA_000235685.2	anaerobe
RS_GCF_005405885.1	aerobe
RS_GCF_003149145.1	aerobe
RS_GCF_000974785.1	aerobe
RS_GCF_000429485.1	anaerobe
RS_GCF_000384075.1	aerobe
RS_GCF_900106775.1	aerobe
RS_GCF_003148765.1	aerobe
RS_GCF_003722315.1	anaerobe
RS_GCF_000159995.1	anaerobe
RS_GCF_001443605.1	anaerobe
RS_GCF_003096415.1	anaerobe
RS_GCF_000154445.1	anaerobe
RS_GCF_900112085.1	anaerobe
RS_GCF_000183135.1	anaerobe
RS_GCF_003096835.1	anaerobe
RS_GCF_004328075.1	aerobe
RS_GCF_000185505.1	anaerobe
RS_GCF_000024205.1	anaerobe
RS_GCF_004803475.1	aerobe
RS_GCF_900107435.1	aerobe
RS_GCF_000425005.1	anaerobe
RS_GCF_000427365.1	anaerobe
RS_GCF_003610495.1	aerobe
RS_GCF_000299355.1	anaerobe
RS_GCF_003253705.1	aerobe
RS_GCF_000194605.1	aerobe
RS_GCF_004341375.1	anaerobe
RS_GCF_004216555.1	aerobe
RS_GCF_000196115.1	aerobe
RS_GCF_000934725.1	aerobe
RS_GCF_003386795.1	aerobe
RS_GCF_014283215.1	aerobe
RS_GCF_014205875.1	anaerobe
RS_GCF_004310395.1	anaerobe
RS_GCF_013839445.1	aerobe
RS_GCF_900215725.1	anaerobe
RS_GCF_003967035.1	aerobe
RS_GCF_001437015.1	anaerobe
RS_GCF_000236865.1	anaerobe
GB_GCA_014647255.1	aerobe
RS_GCF_003350505.1	aerobe
RS_GCF_004343155.1	anaerobe
RS_GCF_000424105.1	anaerobe
RS_GCF_000355675.1	aerobe
RS_GCF_000024025.1	aerobe
RS_GCF_000504285.1	aerobe
RS_GCF_002934455.1	aerobe
RS_GCF_900100455.1	anaerobe
RS_GCF_000427965.1	aerobe
RS_GCF_900499075.1	aerobe
RS_GCF_004340975.1	anaerobe
RS_GCF_900110015.1	aerobe
RS_GCF_003143955.1	aerobe
RS_GCF_000621485.1	anaerobe
RS_GCF_900110225.1	aerobe
RS_GCF_000143845.1	anaerobe
RS_GCF_001697225.1	aerobe
RS_GCF_000423465.1	anaerobe
RS_GCF_002355335.1	aerobe
RS_GCF_014197145.1	aerobe
RS_GCF_000015205.1	anaerobe
RS_GCF_001006485.1	anaerobe
RS_GCF_004363235.1	aerobe
RS_GCF_000265405.1	aerobe
RS_GCF_003688415.1	aerobe
RS_GCF_003003095.1	aerobe
RS_GCF_000212395.1	anaerobe
RS_GCF_900176475.1	aerobe
RS_GCF_001077535.1	anaerobe
RS_GCF_003387155.1	aerobe
RS_GCF_006716695.1	aerobe
RS_GCF_003072125.1	aerobe
RS_GCF_000298175.1	aerobe
RS_GCF_002197845.1	aerobe
RS_GCF_003072065.1	aerobe
RS_GCF_000173075.1	aerobe
RS_GCF_003182075.1	anaerobe
GB_GCA_014645795.1	aerobe
RS_GCF_009602465.1	aerobe
RS_GCF_002899695.1	anaerobe
RS_GCF_000238115.1	anaerobe
RS_GCF_900172315.1	aerobe
GB_GCA_014652875.1	aerobe
RS_GCF_000173795.1	anaerobe
RS_GCF_014202635.1	anaerobe
RS_GCF_001317355.1	anaerobe
RS_GCF_001633165.1	anaerobe
RS_GCF_003752135.1	anaerobe
RS_GCF_003634695.1	aerobe
RS_GCF_013416525.1	aerobe
RS_GCF_000511175.1	aerobe
RS_GCF_003217255.1	aerobe
RS_GCF_000186365.1	anaerobe
RS_GCF_003634215.1	aerobe
RS_GCF_013761005.1	anaerobe
RS_GCF_004339765.1	aerobe
RS_GCF_000807675.2	anaerobe
RS_GCF_003966975.1	anaerobe
RS_GCF_001730225.1	anaerobe
RS_GCF_000211835.1	aerobe
RS_GCF_000260835.1	aerobe
RS_GCF_003575965.1	aerobe
RS_GCF_000196655.1	anaerobe
RS_GCF_000474235.1	anaerobe
RS_GCF_000011125.1	aerobe
RS_GCF_000213975.1	anaerobe
GB_GCA_014646935.1	aerobe
RS_GCF_000008665.1	anaerobe
RS_GCF_001887595.1	aerobe
RS_GCF_004342175.1	anaerobe
RS_GCF_004300825.1	aerobe
RS_GCF_000214415.1	anaerobe
RS_GCF_000745855.1	aerobe
RS_GCF_002751875.1	aerobe
RS_GCF_002207765.1	anaerobe
RS_GCF_003201285.1	anaerobe
RS_GCF_000223395.1	anaerobe
RS_GCF_003052265.1	aerobe
RS_GCF_010671595.1	aerobe
RS_GCF_000378405.1	anaerobe
RS_GCF_004339665.1	aerobe
RS_GCF_000745455.1	anaerobe
RS_GCF_900176335.1	anaerobe
RS_GCF_002874775.1	anaerobe
RS_GCF_000198775.1	aerobe
RS_GCF_000474745.1	anaerobe
RS_GCF_000820505.1	anaerobe
RS_GCF_004362405.1	aerobe
RS_GCF_003991355.1	aerobe
RS_GCF_004346095.1	anaerobe
RS_GCF_900103215.1	aerobe
RS_GCF_004361835.1	aerobe
RS_GCF_010993775.1	aerobe
RS_GCF_900444995.1	anaerobe
RS_GCF_000284335.1	anaerobe
RS_GCF_000018305.1	anaerobe
RS_GCF_002868715.1	aerobe
RS_GCF_001462205.1	aerobe
RS_GCF_000691225.1	aerobe
RS_GCF_000283575.1	anaerobe
RS_GCF_900106925.1	anaerobe
RS_GCF_900142955.1	anaerobe
RS_GCF_000495435.3	anaerobe
RS_GCF_003337215.1	aerobe
RS_GCF_900129085.1	anaerobe
RS_GCF_900114485.1	aerobe
RS_GCF_000243255.1	anaerobe
RS_GCF_900129615.1	aerobe
RS_GCF_004346165.1	anaerobe
RS_GCF_003413745.1	aerobe
RS_GCF_000169415.1	aerobe
GB_GCA_014641635.1	aerobe
RS_GCF_003148745.1	aerobe
RS_GCF_000265075.1	aerobe
RS_GCF_000239295.1	anaerobe
RS_GCF_001485475.2	anaerobe
RS_GCF_009733845.1	aerobe
RS_GCF_900175965.1	aerobe
RS_GCF_003315245.1	aerobe
RS_GCF_000007145.1	aerobe
RS_GCF_003003235.1	aerobe
RS_GCF_002216855.1	aerobe
RS_GCF_013403245.1	anaerobe
RS_GCF_006716185.1	aerobe
RS_GCF_001547735.1	anaerobe
RS_GCF_900113085.1	aerobe
RS_GCF_003112755.1	anaerobe
RS_GCF_900101505.1	aerobe
RS_GCF_003426775.1	aerobe
RS_GCF_000017545.1	anaerobe
RS_GCF_900461125.1	anaerobe
RS_GCF_014230085.1	aerobe
RS_GCF_900107485.1	anaerobe
RS_GCF_000241955.1	aerobe
RS_GCF_900107245.1	anaerobe
RS_GCF_001941975.1	anaerobe
RS_GCF_002221595.1	anaerobe
RS_GCF_900112335.1	aerobe
RS_GCF_003044065.1	aerobe
RS_GCF_001306035.1	anaerobe
RS_GCF_900102435.1	anaerobe
RS_GCF_900169165.1	aerobe
RS_GCF_001315945.1	anaerobe
RS_GCF_000382265.1	aerobe
RS_GCF_001618865.1	aerobe
GB_GCA_000018565.1	aerobe
RS_GCF_003751385.1	anaerobe
RS_GCF_004331955.1	aerobe
RS_GCF_000735365.1	aerobe
RS_GCF_004342885.1	anaerobe
RS_GCF_004345645.1	aerobe
RS_GCF_000376805.1	aerobe
RS_GCF_000023225.1	anaerobe
RS_GCF_000024925.1	aerobe
RS_GCF_003254275.1	anaerobe
GB_GCA_014635245.1	aerobe
RS_GCF_900141635.1	anaerobe
RS_GCF_001411495.1	aerobe
RS_GCF_003337425.1	aerobe
RS_GCF_000195315.1	anaerobe
GB_GCA_003148945.1	anaerobe
RS_GCF_003332275.1	aerobe
RS_GCF_000702065.1	anaerobe
RS_GCF_002954325.1	aerobe
RS_GCF_000184705.1	aerobe
RS_GCF_900104895.1	aerobe
RS_GCF_000210055.1	anaerobe
RS_GCF_000014145.1	aerobe
RS_GCF_000373965.1	aerobe
RS_GCF_013046825.1	anaerobe
RS_GCF_000271305.1	aerobe
RS_GCF_002933415.1	aerobe
RS_GCF_003367395.1	aerobe
RS_GCF_000565345.1	aerobe
RS_GCF_000812685.1	aerobe
RS_GCF_000010525.1	aerobe
RS_GCF_000194135.1	anaerobe
RS_GCF_000520015.2	aerobe
RS_GCF_003259955.1	aerobe
RS_GCF_004343035.1	anaerobe
RS_GCF_000378165.1	aerobe
RS_GCF_000701705.1	anaerobe
RS_GCF_003151135.1	aerobe
RS_GCF_000092405.1	anaerobe
RS_GCF_000380485.1	aerobe
RS_GCF_004364155.1	anaerobe
RS_GCF_000144695.1	anaerobe
RS_GCF_000376825.1	aerobe
RS_GCF_014202275.1	aerobe
RS_GCF_900142005.1	anaerobe
RS_GCF_004340685.1	anaerobe
RS_GCF_000233775.1	anaerobe
RS_GCF_900110485.1	anaerobe
RS_GCF_000524475.1	aerobe
RS_GCF_004362865.1	aerobe
RS_GCF_003014555.1	aerobe
RS_GCF_000023125.1	aerobe
RS_GCF_000474945.1	aerobe
RS_GCF_003730135.1	aerobe
RS_GCF_000007705.1	aerobe
RS_GCF_003347595.2	aerobe
RS_GCF_900167435.1	aerobe
RS_GCF_000761445.1	aerobe
RS_GCF_000420765.1	aerobe
RS_GCF_011927625.1	aerobe
RS_GCF_000383955.1	aerobe
RS_GCF_000517025.1	anaerobe
RS_GCF_000510805.1	aerobe
RS_GCF_900167305.1	anaerobe
RS_GCF_900461435.1	aerobe
RS_GCF_003350345.1	aerobe
RS_GCF_001968835.1	aerobe
RS_GCF_004343255.1	aerobe
RS_GCF_000373485.1	aerobe
RS_GCF_000217815.1	anaerobe
RS_GCF_000009045.1	aerobe
RS_GCF_003201815.1	aerobe
RS_GCF_000403135.1	aerobe
RS_GCF_000186885.1	anaerobe
RS_GCF_001190945.1	aerobe
RS_GCF_000165795.1	anaerobe
RS_GCF_003015185.1	aerobe
RS_GCF_002895605.1	anaerobe
RS_GCF_000012845.1	anaerobe
RS_GCF_900119795.1	aerobe
RS_GCF_000421465.1	aerobe
RS_GCF_001580015.1	aerobe
RS_GCF_003628755.1	anaerobe
RS_GCF_001544015.1	anaerobe
RS_GCF_000006985.1	anaerobe
RS_GCF_000759795.1	aerobe
RS_GCF_000172975.1	anaerobe
RS_GCF_000427095.1	aerobe
RS_GCF_001643775.1	anaerobe
GB_GCA_012931685.1	aerobe
RS_GCF_900156675.1	aerobe
RS_GCF_002201515.1	anaerobe
RS_GCF_000519265.1	anaerobe
RS_GCF_000420085.1	anaerobe
RS_GCF_003337415.1	anaerobe
RS_GCF_900167015.1	anaerobe
GB_GCA_014644455.1	aerobe
RS_GCF_003762925.1	aerobe
RS_GCF_900167975.1	aerobe
RS_GCF_001855385.1	anaerobe
GB_GCA_014639315.1	aerobe
RS_GCF_004341885.1	aerobe
RS_GCF_003337485.1	aerobe
RS_GCF_000148385.1	anaerobe
RS_GCF_001517935.1	anaerobe
RS_GCF_000423225.1	aerobe
RS_GCF_011927665.1	anaerobe
RS_GCF_004345005.1	anaerobe
RS_GCF_000169255.2	anaerobe
RS_GCF_000412335.2	aerobe
RS_GCF_000473205.1	aerobe
RS_GCF_000024225.1	anaerobe
RS_GCF_003634965.1	aerobe
GB_GCA_000145985.1	anaerobe
RS_GCF_014205685.1	aerobe
RS_GCF_014202595.1	aerobe
RS_GCF_013359755.1	aerobe
RS_GCF_001562415.1	anaerobe
RS_GCF_900167445.1	anaerobe
RS_GCF_000255705.1	aerobe
RS_GCF_000423065.1	aerobe
RS_GCF_002153915.1	anaerobe
RS_GCF_003627075.1	aerobe
RS_GCF_000377705.1	aerobe
RS_GCF_000017165.1	anaerobe
RS_GCF_001584145.1	aerobe
GB_GCA_000263195.1	aerobe
RS_GCF_900129075.1	anaerobe
RS_GCF_014201505.1	anaerobe
RS_GCF_002954355.1	aerobe
RS_GCF_002238045.1	aerobe
RS_GCF_003967535.1	aerobe
GB_GCA_014635065.1	aerobe
RS_GCF_009858245.1	aerobe
RS_GCF_003253545.1	aerobe
RS_GCF_900103645.1	aerobe
RS_GCF_003313335.1	aerobe
RS_GCF_002915595.1	aerobe
RS_GCF_002072105.2	aerobe
RS_GCF_001262605.1	anaerobe
RS_GCF_900129805.1	anaerobe
RS_GCF_000154465.1	anaerobe
RS_GCF_009720735.1	anaerobe
RS_GCF_900111295.1	aerobe
RS_GCF_900142285.1	anaerobe
RS_GCF_002798015.1	aerobe
RS_GCF_001983995.1	aerobe
RS_GCF_900129685.1	aerobe
RS_GCF_004339805.1	anaerobe
RS_GCF_900106525.1	aerobe
RS_GCF_000512915.1	anaerobe
RS_GCF_000191885.1	anaerobe
RS_GCF_000518645.1	aerobe
RS_GCF_004340905.1	anaerobe
RS_GCF_900114055.1	aerobe
GB_GCA_014646675.1	aerobe
RS_GCF_000982825.1	aerobe
RS_GCF_000378185.1	aerobe
RS_GCF_000017565.1	aerobe
RS_GCF_000205025.1	anaerobe
RS_GCF_001011115.1	anaerobe
RS_GCF_003814745.1	anaerobe
RS_GCF_000242235.1	anaerobe
RS_GCF_001050235.1	anaerobe
RS_GCF_000317795.1	anaerobe
RS_GCF_900103425.1	anaerobe
RS_GCF_014202935.1	aerobe
RS_GCF_900113155.1	anaerobe
RS_GCF_001192795.1	anaerobe
RS_GCF_001267405.1	anaerobe
RS_GCF_000174415.1	anaerobe
GB_GCA_014651615.1	aerobe
RS_GCF_003752465.1	aerobe
RS_GCF_003589745.1	anaerobe
RS_GCF_000170755.1	aerobe
RS_GCF_004345615.1	anaerobe
RS_GCF_003336425.1	aerobe
RS_GCF_000429905.1	anaerobe
RS_GCF_000172415.1	aerobe
RS_GCF_000220175.1	aerobe
GB_GCA_005144965.1	aerobe
RS_GCF_000422305.1	aerobe
RS_GCF_014502795.1	anaerobe
RS_GCF_000024545.1	aerobe
RS_GCF_000024905.1	anaerobe
RS_GCF_003258705.1	aerobe
RS_GCF_003002095.1	aerobe
RS_GCF_900177275.1	aerobe
RS_GCF_003148465.1	anaerobe
RS_GCF_002443155.1	aerobe
RS_GCF_000007185.1	anaerobe
RS_GCF_000024325.1	anaerobe
RS_GCF_004343305.1	aerobe
RS_GCF_000143765.1	aerobe
RS_GCF_000296815.2	aerobe
RS_GCF_004340125.1	anaerobe
RS_GCF_004216755.1	aerobe
RS_GCF_000743535.1	aerobe
RS_GCF_000379805.1	aerobe
RS_GCF_000429345.1	anaerobe
RS_GCF_900115655.1	anaerobe
RS_GCF_002924445.1	aerobe
GB_GCA_014652675.1	aerobe
RS_GCF_003967515.1	aerobe
RS_GCF_900103775.1	aerobe
RS_GCF_900187365.1	anaerobe
RS_GCF_000092185.1	anaerobe
RS_GCF_000421285.1	anaerobe
RS_GCF_000024405.1	anaerobe
RS_GCF_008033235.1	aerobe
RS_GCF_002245355.1	aerobe
RS_GCF_001280875.1	anaerobe
RS_GCF_000024865.1	aerobe
RS_GCF_003013695.1	aerobe
RS_GCF_003054495.1	anaerobe
RS_GCF_013402795.1	aerobe
RS_GCF_900112895.1	anaerobe
RS_GCF_005518185.1	aerobe
RS_GCF_001591365.1	aerobe
RS_GCF_000732725.1	anaerobe
RS_GCF_003966915.1	aerobe
RS_GCF_011455495.1	aerobe
RS_GCF_003096615.1	aerobe
RS_GCF_003097315.1	aerobe
RS_GCF_900115595.1	aerobe
RS_GCF_004761865.1	aerobe
RS_GCF_900142995.1	anaerobe
RS_GCF_900218035.1	anaerobe
RS_GCF_000190435.1	anaerobe
RS_GCF_001293685.1	anaerobe
RS_GCF_004362745.1	aerobe
RS_GCF_001661675.2	aerobe
RS_GCF_000311845.1	anaerobe
RS_GCF_000381525.1	anaerobe
RS_GCF_000378465.1	aerobe
RS_GCF_000429145.1	aerobe
RS_GCF_000430665.1	aerobe
RS_GCF_014192375.1	aerobe
GB_GCA_014648255.1	aerobe
RS_GCF_000473225.1	aerobe
RS_GCF_014195685.1	aerobe
RS_GCF_000519325.1	aerobe
RS_GCF_900129925.1	anaerobe
RS_GCF_000162875.1	anaerobe
RS_GCF_003726035.1	anaerobe
RS_GCF_010671605.1	aerobe
RS_GCF_000196875.2	aerobe
RS_GCF_000012925.1	anaerobe
RS_GCF_013409065.1	aerobe
RS_GCF_000376965.1	anaerobe
RS_GCF_001184205.1	anaerobe
RS_GCF_900451145.1	aerobe
RS_GCF_000144645.1	anaerobe
RS_GCF_014270035.1	aerobe
RS_GCF_000219215.1	aerobe
RS_GCF_000784355.1	anaerobe
RS_GCF_003966895.1	anaerobe
RS_GCF_000260115.1	aerobe
RS_GCF_003546865.1	anaerobe
RS_GCF_000711905.1	anaerobe
RS_GCF_000620305.1	anaerobe
RS_GCF_000024945.1	anaerobe
RS_GCF_900100185.1	aerobe
RS_GCF_002950575.1	aerobe
RS_GCF_006094695.1	aerobe
RS_GCF_002980555.1	aerobe
RS_GCF_000429865.1	aerobe
RS_GCF_000143965.1	anaerobe
RS_GCF_001458435.1	aerobe
RS_GCF_001263335.1	anaerobe
RS_GCF_014192515.1	anaerobe
RS_GCF_009835145.1	aerobe
RS_GCF_003353425.1	aerobe
RS_GCF_000378225.1	aerobe
RS_GCF_000966265.1	anaerobe
RS_GCF_000212375.1	anaerobe
RS_GCF_001457475.1	aerobe
RS_GCF_900110425.1	aerobe
RS_GCF_000010785.1	aerobe
RS_GCF_003703835.1	aerobe
RS_GCF_900141855.1	aerobe
RS_GCF_000421525.1	aerobe
RS_GCF_004217095.1	aerobe
RS_GCF_900107645.1	anaerobe
GB_GCA_014651635.1	aerobe
RS_GCF_900108275.1	aerobe
RS_GCF_000024885.1	anaerobe
RS_GCF_900143695.1	anaerobe
RS_GCF_002893625.1	aerobe
RS_GCF_000384395.1	anaerobe
RS_GCF_000315015.1	aerobe
RS_GCF_007971225.1	aerobe
RS_GCF_900221005.1	aerobe
RS_GCF_900188145.1	anaerobe
RS_GCF_000165505.1	anaerobe
RS_GCF_004345725.1	aerobe
RS_GCF_000737325.1	aerobe
RS_GCF_000158275.2	anaerobe
GB_GCA_014641595.1	aerobe
RS_GCF_900156785.1	aerobe
RS_GCF_000969905.1	anaerobe
RS_GCF_000331535.1	aerobe
RS_GCF_000614145.1	anaerobe
RS_GCF_900106595.1	aerobe
RS_GCF_900105195.1	aerobe
RS_GCF_000336575.1	aerobe
RS_GCF_900112105.1	aerobe
RS_GCF_902859695.1	aerobe
RS_GCF_001750285.1	aerobe
RS_GCF_013387165.1	aerobe
RS_GCF_010093205.1	aerobe
RS_GCF_900102145.1	aerobe
RS_GCF_002097535.1	aerobe
RS_GCF_000426585.1	anaerobe
RS_GCF_009733815.1	aerobe
RS_GCF_002902305.1	aerobe
RS_GCF_000258515.1	anaerobe
RS_GCF_900445835.1	aerobe
RS_GCF_900111455.1	aerobe
RS_GCF_000520995.1	aerobe
RS_GCF_000011645.1	aerobe
RS_GCF_013328205.1	aerobe
RS_GCF_001752395.1	aerobe
RS_GCF_900101755.1	aerobe
RS_GCF_001439805.1	aerobe
RS_GCF_002899945.2	aerobe
GB_GCA_014635665.1	aerobe
RS_GCF_000154845.1	anaerobe
RS_GCF_000496575.1	aerobe
RS_GCF_000203875.1	aerobe
RS_GCF_000455445.1	anaerobe
RS_GCF_001403735.1	aerobe
RS_GCF_004357985.1	aerobe
RS_GCF_003991565.1	anaerobe
RS_GCF_007830355.1	aerobe
RS_GCF_900156605.1	aerobe
RS_GCF_001639725.1	aerobe
RS_GCF_014396785.1	aerobe
RS_GCF_900104415.1	anaerobe
RS_GCF_900109495.1	anaerobe
RS_GCF_001651805.1	aerobe
RS_GCF_001719065.1	anaerobe
RS_GCF_003426025.1	aerobe
RS_GCF_003315035.1	aerobe
RS_GCF_003385215.1	aerobe
RS_GCF_001612685.1	aerobe
RS_GCF_000179635.2	anaerobe
RS_GCF_900128985.1	anaerobe
RS_GCF_000017945.1	anaerobe
RS_GCF_900103845.1	aerobe
RS_GCF_900114775.1	aerobe
RS_GCF_001553605.1	anaerobe
RS_GCF_014192395.1	anaerobe
GB_GCA_014645235.1	aerobe
RS_GCF_900143265.1	anaerobe
RS_GCF_000347175.1	aerobe
RS_GCF_900167145.1	anaerobe
RS_GCF_001612635.1	aerobe
RS_GCF_002831565.1	aerobe
RS_GCF_010093445.1	aerobe
RS_GCF_900497695.1	aerobe
RS_GCF_000175795.2	anaerobe
RS_GCF_900110605.1	aerobe
RS_GCF_000525775.1	anaerobe
RS_GCF_000336675.1	aerobe
RS_GCF_000214355.1	anaerobe
RS_GCF_902499135.1	aerobe
RS_GCF_003185915.1	aerobe
RS_GCF_001544535.1	aerobe
RS_GCF_900100375.1	aerobe
RS_GCF_900162815.1	aerobe
RS_GCF_002706795.1	aerobe
RS_GCF_900199375.1	anaerobe
RS_GCF_014197035.1	aerobe
RS_GCF_003635025.1	aerobe
RS_GCF_009674765.1	aerobe
RS_GCF_002995845.1	anaerobe
GB_GCA_014640335.1	aerobe
RS_GCF_902859645.1	aerobe
RS_GCF_001544615.1	aerobe
RS_GCF_003149745.1	aerobe
RS_GCF_900129465.1	aerobe
RS_GCF_004802635.2	aerobe
GB_GCA_000286355.1	aerobe
RS_GCF_000744105.1	aerobe
RS_GCF_001605885.1	aerobe
RS_GCF_000160055.1	anaerobe
RS_GCF_003258805.1	anaerobe
RS_GCF_000818095.1	aerobe
RS_GCF_003028855.1	aerobe
RS_GCF_900107685.1	aerobe
RS_GCF_000445445.1	anaerobe
RS_GCF_001953175.1	anaerobe
RS_GCF_003002895.1	aerobe
RS_GCF_000148995.1	aerobe
RS_GCF_003253485.1	aerobe
RS_GCF_000684975.1	aerobe
RS_GCF_007830435.1	anaerobe
RS_GCF_000787775.1	aerobe
RS_GCF_900130055.1	anaerobe
RS_GCF_000382145.1	aerobe
RS_GCF_000174195.1	anaerobe
RS_GCF_003206135.1	aerobe
RS_GCF_001544315.1	aerobe
RS_GCF_008087085.1	aerobe
RS_GCF_013389365.1	anaerobe
RS_GCF_006539885.1	aerobe
RS_GCF_011927845.1	anaerobe
RS_GCF_001190785.1	anaerobe
RS_GCF_002087335.1	aerobe
RS_GCF_004526345.1	aerobe
RS_GCF_900155475.1	aerobe
RS_GCF_004352825.1	aerobe
RS_GCF_013201645.1	anaerobe
RS_GCF_000264315.1	aerobe
RS_GCF_000350545.1	anaerobe
RS_GCF_000711225.1	anaerobe
RS_GCF_008151785.1	anaerobe
RS_GCF_011189575.1	aerobe
RS_GCF_011947225.1	aerobe
RS_GCF_011758745.1	aerobe
RS_GCF_900115305.1	aerobe
RS_GCF_003259335.1	aerobe
RS_GCF_002923755.1	aerobe
RS_GCF_000025665.1	anaerobe
RS_GCF_013409745.1	aerobe
RS_GCF_003966265.1	aerobe
RS_GCF_009846525.1	aerobe
RS_GCF_003732545.1	aerobe
RS_GCF_001831495.1	aerobe
RS_GCF_000188015.2	aerobe
RS_GCF_000428825.1	anaerobe
RS_GCF_014212015.1	aerobe
RS_GCF_000255455.1	aerobe
RS_GCF_013282745.1	aerobe
RS_GCF_002214565.1	anaerobe
RS_GCF_000195935.2	anaerobe
RS_GCF_014192095.1	aerobe
RS_GCF_900105725.1	aerobe
RS_GCF_000566685.1	aerobe
RS_GCF_003121625.1	aerobe
RS_GCF_000661955.1	aerobe
RS_GCF_900169175.1	aerobe
RS_GCF_001660385.1	aerobe
RS_GCF_900129965.1	anaerobe
RS_GCF_000368685.1	aerobe
RS_GCF_001591045.1	aerobe
RS_GCF_001592935.1	aerobe
RS_GCF_900113025.1	aerobe
RS_GCF_900156405.1	aerobe
RS_GCF_002024805.1	aerobe
RS_GCF_014218825.1	aerobe
RS_GCF_003073135.1	aerobe
RS_GCF_003311635.1	aerobe
RS_GCF_000235405.2	anaerobe
RS_GCF_002105195.1	aerobe
RS_GCF_000620805.1	aerobe
RS_GCF_003665065.1	aerobe
RS_GCF_000341185.1	aerobe
RS_GCF_900142025.1	anaerobe
RS_GCF_001293525.1	aerobe
RS_GCF_001307105.1	aerobe
RS_GCF_000526395.1	anaerobe
RS_GCF_900129835.1	aerobe
RS_GCF_013423785.1	aerobe
RS_GCF_900104065.1	aerobe
RS_GCF_000445065.1	aerobe
RS_GCF_000425225.1	aerobe
RS_GCF_000420725.1	aerobe
RS_GCF_900114135.1	aerobe
RS_GCF_900176305.1	anaerobe
RS_GCF_000332875.2	anaerobe
RS_GCF_002954685.1	aerobe
RS_GCF_002749615.1	aerobe
RS_GCF_002284575.1	aerobe
RS_GCF_902499115.1	aerobe
RS_GCF_900108035.1	anaerobe
RS_GCF_900130105.1	aerobe
RS_GCF_002259705.1	anaerobe
RS_GCF_004134905.2	aerobe
RS_GCF_001650025.1	aerobe
RS_GCF_900130045.1	aerobe
GB_GCA_014651995.1	aerobe
RS_GCF_900100925.1	aerobe
RS_GCF_003254115.1	aerobe
RS_GCF_000711725.1	aerobe
RS_GCF_003725535.1	aerobe
RS_GCF_002204185.1	aerobe
RS_GCF_003575975.1	aerobe
RS_GCF_002943425.1	aerobe
RS_GCF_014138625.1	aerobe
RS_GCF_000021945.1	anaerobe
RS_GCF_001431505.1	aerobe
RS_GCF_000710615.1	aerobe
RS_GCF_011762125.1	aerobe
RS_GCF_900109345.1	aerobe
RS_GCF_001761385.1	aerobe
RS_GCF_900107675.1	anaerobe
RS_GCF_900111645.1	anaerobe
RS_GCF_000189535.1	aerobe
RS_GCF_004402405.1	aerobe
RS_GCF_000147675.1	anaerobe
RS_GCF_004359515.1	aerobe
RS_GCF_000224785.1	aerobe
RS_GCF_014635045.1	aerobe
RS_GCF_003814005.1	aerobe
RS_GCF_900457495.1	aerobe
RS_GCF_000332475.2	aerobe
RS_GCF_003721245.1	aerobe
RS_GCF_003368535.1	anaerobe
RS_GCF_000186225.1	anaerobe
RS_GCF_002954765.1	aerobe
RS_GCF_008801925.1	aerobe
RS_GCF_002936955.1	aerobe
RS_GCF_000265295.1	anaerobe
RS_GCF_000712595.1	aerobe
RS_GCF_900108245.1	aerobe
RS_GCF_001653335.1	aerobe
RS_GCF_000422505.1	aerobe
RS_GCF_000413055.1	anaerobe
RS_GCF_009729015.1	anaerobe
RS_GCF_000379145.1	aerobe
RS_GCF_009735585.1	aerobe
RS_GCF_004564235.1	aerobe
RS_GCF_006443685.1	aerobe
RS_GCF_900113435.1	aerobe
RS_GCF_003058325.1	aerobe
RS_GCF_003966735.1	anaerobe
RS_GCF_011761605.1	aerobe
RS_GCF_002000055.1	aerobe
RS_GCF_005885605.1	aerobe
GB_GCA_014648575.1	aerobe
RS_GCF_000712035.1	aerobe
RS_GCF_002245625.1	aerobe
RS_GCF_004004565.1	aerobe
RS_GCF_014201835.1	anaerobe
RS_GCF_001895005.1	aerobe
RS_GCF_000210095.1	anaerobe
RS_GCF_000153885.1	anaerobe
RS_GCF_001816165.1	aerobe
RS_GCF_000320405.1	anaerobe
RS_GCF_000019085.1	anaerobe
RS_GCF_001659785.1	aerobe
RS_GCF_000146345.1	anaerobe
RS_GCF_004886325.1	aerobe
RS_GCF_002245855.1	aerobe
RS_GCF_900113135.1	aerobe
RS_GCF_002950215.1	aerobe
RS_GCF_000015045.1	anaerobe
RS_GCF_001761365.1	aerobe
RS_GCF_000189255.1	aerobe
RS_GCF_000225825.1	aerobe
RS_GCF_005405545.1	aerobe
RS_GCF_001437425.1	anaerobe
RS_GCF_000166355.1	anaerobe
RS_GCF_014200015.1	aerobe
RS_GCF_000156175.1	anaerobe
RS_GCF_003313305.1	anaerobe
RS_GCF_006715765.1	anaerobe
RS_GCF_900156105.1	anaerobe
RS_GCF_000423025.1	aerobe
RS_GCF_003012745.1	aerobe
RS_GCF_900637515.1	anaerobe
RS_GCF_008017415.1	aerobe
RS_GCF_001580615.1	aerobe
GB_GCA_014643175.1	aerobe
RS_GCF_011045165.1	aerobe
RS_GCF_000426365.1	aerobe
RS_GCF_003387615.1	aerobe
RS_GCF_000758165.1	anaerobe
RS_GCF_001507545.1	aerobe
GB_GCA_003243445.1	aerobe
RS_GCF_003788585.1	aerobe
RS_GCF_000956545.1	aerobe
RS_GCF_000526995.1	anaerobe
RS_GCF_001043915.1	aerobe
RS_GCF_900114675.1	aerobe
RS_GCF_001941825.1	aerobe
RS_GCF_000153185.1	aerobe
GB_GCA_014645375.1	aerobe
GB_GCA_000814665.1	aerobe
RS_GCF_003992625.1	aerobe
RS_GCF_000827125.1	anaerobe
RS_GCF_006265165.1	anaerobe
RS_GCF_900460315.1	anaerobe
RS_GCF_004634215.1	aerobe
RS_GCF_000166775.1	anaerobe
RS_GCF_007990775.1	aerobe
RS_GCF_000238075.1	anaerobe
RS_GCF_900455085.1	aerobe
RS_GCF_000190575.1	anaerobe
RS_GCF_003570705.1	aerobe
RS_GCF_001017125.1	anaerobe
RS_GCF_900102165.1	aerobe
RS_GCF_900101345.1	anaerobe
RS_GCF_009828065.1	aerobe
RS_GCF_014202075.1	aerobe
RS_GCF_002252985.1	aerobe
RS_GCF_003344785.1	aerobe
RS_GCF_008630155.1	anaerobe
RS_GCF_900110455.1	aerobe
RS_GCF_002192415.1	aerobe
RS_GCF_014201975.1	anaerobe
RS_GCF_014201465.1	aerobe
RS_GCF_002884445.1	aerobe
RS_GCF_007923255.1	aerobe
RS_GCF_001434465.1	anaerobe
RS_GCF_005116735.1	aerobe
RS_GCF_900188395.1	anaerobe
RS_GCF_000163895.2	anaerobe
GB_GCA_014643515.1	aerobe
RS_GCF_009720725.1	anaerobe
RS_GCF_900162825.1	aerobe
RS_GCF_000717275.1	aerobe
RS_GCF_900447045.1	anaerobe
RS_GCF_900187975.1	aerobe
RS_GCF_900111755.1	aerobe
RS_GCF_008638415.1	aerobe
RS_GCF_002863585.1	aerobe
GB_GCA_014635345.1	aerobe
RS_GCF_900099895.1	aerobe
RS_GCF_001661965.1	aerobe
RS_GCF_900101615.1	aerobe
RS_GCF_014199945.1	aerobe
RS_GCF_004000925.1	aerobe
RS_GCF_007923445.1	aerobe
RS_GCF_003148645.1	aerobe
RS_GCF_006546835.1	anaerobe
RS_GCF_002104475.1	aerobe
RS_GCF_902825325.1	aerobe
RS_GCF_000250655.1	aerobe
GB_GCA_014651515.1	aerobe
RS_GCF_900141815.1	aerobe
RS_GCF_000378445.1	aerobe
RS_GCF_003710905.1	aerobe
RS_GCF_003703975.1	aerobe
GB_GCA_014645315.1	aerobe
RS_GCF_902153245.1	aerobe
RS_GCF_900187395.1	aerobe
RS_GCF_900638305.1	anaerobe
RS_GCF_001641615.1	aerobe
RS_GCF_000830505.1	aerobe
RS_GCF_900112355.1	aerobe
RS_GCF_000429125.1	aerobe
RS_GCF_000426885.1	aerobe
RS_GCF_000340985.1	aerobe
RS_GCF_007992495.1	aerobe
RS_GCF_000204195.1	aerobe
RS_GCF_014217785.1	aerobe
GB_GCA_014640075.1	aerobe
RS_GCF_001877035.1	anaerobe
RS_GCF_011761185.1	aerobe
RS_GCF_900163715.1	aerobe
RS_GCF_000157975.1	anaerobe
RS_GCF_000744285.1	anaerobe
RS_GCF_001571225.1	aerobe
RS_GCF_000381345.1	aerobe
RS_GCF_000371805.1	anaerobe
RS_GCF_900639985.1	aerobe
RS_GCF_000382345.1	aerobe
RS_GCF_004348335.1	aerobe
RS_GCF_000336755.1	aerobe
RS_GCF_001758785.1	aerobe
RS_GCF_014235875.1	aerobe
RS_GCF_004345735.1	anaerobe
RS_GCF_008086595.1	anaerobe
RS_GCF_000311825.1	anaerobe
RS_GCF_001723605.1	anaerobe
RS_GCF_000439375.1	aerobe
RS_GCF_005884405.1	aerobe
RS_GCF_000378005.1	anaerobe
RS_GCF_001697185.1	aerobe
RS_GCF_003725295.1	anaerobe
RS_GCF_002864045.1	aerobe
GB_GCA_001315965.1	anaerobe
RS_GCF_900109955.1	aerobe
RS_GCF_900454495.1	aerobe
RS_GCF_900638585.1	anaerobe
RS_GCF_010669225.1	anaerobe
RS_GCF_003574085.1	aerobe
RS_GCF_012276755.1	anaerobe
RS_GCF_002285415.1	aerobe
RS_GCF_002968635.1	aerobe
RS_GCF_014199525.1	aerobe
RS_GCF_000730165.1	aerobe
RS_GCF_007829955.1	aerobe
RS_GCF_900142235.1	anaerobe
RS_GCF_001039475.1	anaerobe
RS_GCF_000975095.1	aerobe
RS_GCF_000430545.1	aerobe
RS_GCF_000422085.1	aerobe
RS_GCF_001047675.1	aerobe
RS_GCF_003994255.1	aerobe
RS_GCF_011764425.1	aerobe
RS_GCF_001047375.1	anaerobe
RS_GCF_008932115.1	aerobe
RS_GCF_000336995.1	aerobe
RS_GCF_000017245.1	aerobe
RS_GCF_000425045.1	anaerobe
RS_GCF_000526495.1	anaerobe
RS_GCF_000975035.1	anaerobe
RS_GCF_000964005.1	aerobe
RS_GCF_008923365.1	aerobe
RS_GCF_006874475.1	aerobe
RS_GCF_900103975.1	aerobe
RS_GCF_000359585.1	anaerobe
GB_GCA_014646115.1	aerobe
RS_GCF_000875895.1	aerobe
RS_GCF_000231385.2	anaerobe
RS_GCF_000260985.4	aerobe
RS_GCF_900107755.1	aerobe
RS_GCF_002895525.1	anaerobe
RS_GCF_900112375.1	aerobe
RS_GCF_000969415.1	aerobe
RS_GCF_002078605.1	aerobe
RS_GCF_014174275.1	aerobe
RS_GCF_004362975.1	anaerobe
RS_GCF_007991755.1	aerobe
RS_GCF_013408535.1	aerobe
RS_GCF_010500835.1	aerobe
RS_GCF_013410755.1	aerobe
RS_GCF_000176915.2	anaerobe
RS_GCF_900129325.1	aerobe
RS_GCF_001305595.1	aerobe
GB_GCA_014652215.1	aerobe
RS_GCF_014201655.1	anaerobe
RS_GCF_001466665.1	anaerobe
RS_GCF_900116065.1	aerobe
RS_GCF_003970915.1	aerobe
RS_GCF_009707925.1	anaerobe
GB_GCA_014646335.1	aerobe
RS_GCF_000185725.2	aerobe
RS_GCF_900142415.1	aerobe
RS_GCF_003429285.1	aerobe
RS_GCF_001038625.1	anaerobe
RS_GCF_001742305.1	anaerobe
RS_GCF_000297115.1	anaerobe
RS_GCF_007991735.1	aerobe
RS_GCF_002563695.1	aerobe
RS_GCF_001465545.3	aerobe
RS_GCF_000013725.1	anaerobe
RS_GCF_002008345.1	anaerobe
RS_GCF_001565895.1	aerobe
RS_GCF_000975135.1	aerobe
RS_GCF_007830495.1	aerobe
GB_GCA_014635285.1	aerobe
RS_GCF_001548475.1	aerobe
RS_GCF_000616095.1	aerobe
RS_GCF_001403635.1	anaerobe
RS_GCF_003719725.1	aerobe
GB_GCA_014640175.1	aerobe
RS_GCF_900105535.1	aerobe
RS_GCF_900167605.1	anaerobe
RS_GCF_000147875.1	anaerobe
RS_GCF_000016785.1	anaerobe
RS_GCF_014203395.1	aerobe
RS_GCF_900129865.1	aerobe
RS_GCF_010093135.1	aerobe
RS_GCF_000227665.2	aerobe
RS_GCF_001955715.1	aerobe
RS_GCF_008064635.1	aerobe
RS_GCF_000577895.1	anaerobe
GB_GCA_014651855.1	aerobe
RS_GCF_003116135.1	aerobe
GB_GCA_014638845.1	aerobe
RS_GCF_002860125.1	aerobe
RS_GCF_000332495.1	aerobe
RS_GCF_003367315.1	aerobe
RS_GCF_000731955.1	aerobe
RS_GCF_001623875.1	anaerobe
RS_GCF_001983105.1	aerobe
RS_GCF_006546775.1	aerobe
RS_GCF_004357995.1	aerobe
RS_GCF_000442275.2	aerobe
RS_GCF_000686725.1	anaerobe
GB_GCA_001311805.1	aerobe
RS_GCF_000237825.1	anaerobe
RS_GCF_003586265.1	aerobe
GB_GCA_000308255.3	anaerobe
RS_GCF_900102815.1	aerobe
RS_GCF_000633595.2	anaerobe
RS_GCF_000425185.1	aerobe
GB_GCA_014646255.1	aerobe
RS_GCF_000936425.1	aerobe
RS_GCF_003570885.1	anaerobe
RS_GCF_009827315.1	aerobe
RS_GCF_002201235.1	aerobe
RS_GCF_900112525.1	aerobe
RS_GCF_000159095.1	anaerobe
RS_GCF_004011805.1	aerobe
RS_GCF_003515705.1	aerobe
RS_GCF_900109925.1	aerobe
RS_GCF_004343075.1	anaerobe
RS_GCF_000422565.1	anaerobe
RS_GCF_900129345.1	aerobe
RS_GCF_003990045.1	aerobe
RS_GCF_900101115.1	aerobe
RS_GCF_900188165.1	aerobe
RS_GCF_007845635.1	aerobe
GB_GCA_014652235.1	aerobe
RS_GCF_900103885.1	anaerobe
RS_GCF_014174355.1	aerobe
RS_GCF_003130585.1	aerobe
RS_GCF_001592365.1	aerobe
RS_GCF_900107965.1	aerobe
GB_GCA_014652555.1	aerobe
RS_GCF_000409775.1	aerobe
RS_GCF_002088945.1	aerobe
RS_GCF_000246895.1	anaerobe
RS_GCF_010093345.1	aerobe
RS_GCF_000021925.1	anaerobe
RS_GCF_900156495.1	aerobe
RS_GCF_000165735.1	anaerobe
RS_GCF_902763085.1	anaerobe
RS_GCF_000255135.1	anaerobe
RS_GCF_900105385.1	aerobe
RS_GCF_000375485.1	anaerobe
RS_GCF_005843925.1	aerobe
RS_GCF_003316635.1	aerobe
RS_GCF_000143985.1	anaerobe
RS_GCF_003987335.1	aerobe
RS_GCF_900112315.1	aerobe
RS_GCF_007991655.1	aerobe
RS_GCF_007827555.1	aerobe
RS_GCF_000425525.1	anaerobe
RS_GCF_014207425.1	aerobe
RS_GCF_002127965.1	anaerobe
RS_GCF_004919045.1	aerobe
RS_GCF_004000985.1	aerobe
RS_GCF_011326735.1	aerobe
RS_GCF_000812865.1	aerobe
RS_GCF_005938195.1	aerobe
RS_GCF_004153455.1	aerobe
RS_GCF_000715505.1	aerobe
RS_GCF_004122035.1	aerobe
RS_GCF_001642835.1	aerobe
RS_GCF_000372885.1	aerobe
RS_GCF_000429545.1	aerobe
RS_GCF_003318295.1	aerobe
RS_GCF_003722355.1	aerobe
RS_GCF_001676155.1	aerobe
RS_GCF_000376785.1	aerobe
RS_GCF_003568865.1	aerobe
RS_GCF_001591965.1	aerobe
RS_GCF_002078015.1	aerobe
RS_GCF_012163135.1	aerobe
RS_GCF_001570925.1	aerobe
RS_GCF_001590925.1	aerobe
RS_GCF_003096355.1	aerobe
RS_GCF_008831155.1	aerobe
RS_GCF_003254505.1	aerobe
RS_GCF_900099735.1	aerobe
RS_GCF_900116615.1	aerobe
RS_GCF_900116285.1	aerobe
RS_GCF_000192575.1	aerobe
RS_GCF_000702905.1	anaerobe
RS_GCF_003574035.1	aerobe
RS_GCF_001562115.1	aerobe
GB_GCA_000632805.1	aerobe
RS_GCF_000745975.1	anaerobe
RS_GCF_002051585.1	anaerobe
RS_GCF_004341245.1	aerobe
RS_GCF_000484635.1	aerobe
RS_GCF_000277645.1	anaerobe
RS_GCF_001552785.1	anaerobe
RS_GCF_003019675.1	anaerobe
RS_GCF_003945345.1	aerobe
RS_GCF_013408745.1	aerobe
RS_GCF_900167225.1	anaerobe
RS_GCF_001277345.1	aerobe
RS_GCF_003583935.1	aerobe
RS_GCF_009827055.1	aerobe
RS_GCF_000787855.1	aerobe
RS_GCF_000423785.1	anaerobe
RS_GCF_900115785.1	aerobe
RS_GCF_002564025.1	aerobe
RS_GCF_002998925.1	anaerobe
RS_GCF_009733795.1	aerobe
RS_GCF_011046555.1	aerobe
RS_GCF_003324525.1	aerobe
RS_GCF_003675385.1	aerobe
RS_GCF_902760805.1	anaerobe
RS_GCF_003601925.1	aerobe
RS_GCF_000739995.1	aerobe
RS_GCF_000735695.2	aerobe
RS_GCF_002925905.1	aerobe
RS_GCF_001580995.1	aerobe
RS_GCF_003111605.1	anaerobe
RS_GCF_000717475.1	anaerobe
RS_GCF_000423505.1	aerobe
RS_GCF_002157875.1	aerobe
RS_GCF_002744735.1	aerobe
RS_GCF_001591165.1	aerobe
GB_GCA_014635325.1	aerobe
RS_GCF_007993735.1	aerobe
RS_GCF_000231405.2	anaerobe
RS_GCF_003194565.1	aerobe
RS_GCF_000092845.1	anaerobe
RS_GCF_001263415.1	anaerobe
RS_GCF_002807055.1	aerobe
RS_GCF_014197055.1	aerobe
RS_GCF_011762045.1	anaerobe
RS_GCF_000241525.1	aerobe
RS_GCF_002029235.1	anaerobe
RS_GCF_000819865.1	aerobe
RS_GCF_003958645.1	aerobe
RS_GCF_001189915.1	aerobe
RS_GCF_009696605.1	anaerobe
GB_GCA_014643595.1	aerobe
RS_GCF_013409865.1	aerobe
RS_GCF_011758765.1	aerobe
RS_GCF_000192475.1	aerobe
RS_GCF_002959915.1	anaerobe
RS_GCF_002920915.1	aerobe
RS_GCF_001046895.1	aerobe
RS_GCF_000615445.1	anaerobe
RS_GCF_900108025.1	aerobe
RS_GCF_003050755.1	aerobe
RS_GCF_001553005.1	anaerobe
RS_GCF_001639295.1	anaerobe
RS_GCF_002287175.1	anaerobe
RS_GCF_009765695.1	anaerobe
RS_GCF_000280055.1	aerobe
RS_GCF_009749395.1	aerobe
RS_GCF_009429125.1	aerobe
RS_GCF_013302405.1	anaerobe
RS_GCF_004087915.1	anaerobe
RS_GCF_000426665.1	anaerobe
RS_GCF_001276985.1	anaerobe
RS_GCF_000156215.1	anaerobe
RS_GCF_000231275.1	anaerobe
RS_GCF_900167105.1	anaerobe
RS_GCF_003999715.1	aerobe
RS_GCF_900635475.1	aerobe
RS_GCF_000196895.1	aerobe
RS_GCF_900109885.1	anaerobe
RS_GCF_002148795.1	aerobe
RS_GCF_000423345.1	aerobe
RS_GCF_000817955.1	anaerobe
RS_GCF_003710825.1	aerobe
RS_GCF_014207505.1	aerobe
RS_GCF_000016085.1	anaerobe
GB_GCA_014640635.1	aerobe
RS_GCF_900188245.1	aerobe
RS_GCF_900099605.1	aerobe
RS_GCF_002631205.1	aerobe
RS_GCF_006717025.1	aerobe
RS_GCF_000612845.1	anaerobe
RS_GCF_003788635.1	aerobe
RS_GCF_900129975.1	anaerobe
RS_GCF_002844555.1	aerobe
RS_GCF_000956175.1	aerobe
RS_GCF_001766835.1	anaerobe
RS_GCF_014196795.1	aerobe
RS_GCF_014217805.1	aerobe
RS_GCF_007556755.1	aerobe
RS_GCF_001888185.1	aerobe
RS_GCF_003345655.1	aerobe
RS_GCF_000429765.1	aerobe
RS_GCF_014207495.1	aerobe
GB_GCA_014641615.1	aerobe
RS_GCF_900111145.1	aerobe
RS_GCF_014332695.1	aerobe
RS_GCF_000423045.1	aerobe
RS_GCF_014207355.1	aerobe
RS_GCF_900446925.1	aerobe
GB_GCA_014646215.1	aerobe
GB_GCA_014645495.1	aerobe
RS_GCF_001990485.1	anaerobe
RS_GCF_003721155.3	aerobe
GB_GCA_014635305.1	aerobe
RS_GCF_900105025.1	anaerobe
RS_GCF_014191725.1	aerobe
RS_GCF_004365635.1	aerobe
RS_GCF_003286915.1	aerobe
RS_GCF_001941345.1	aerobe
RS_GCF_002155425.1	aerobe
RS_GCF_001552175.1	aerobe
RS_GCF_001293565.1	aerobe
RS_GCF_009193255.1	aerobe
RS_GCF_001747405.1	anaerobe
RS_GCF_001412615.1	anaerobe
RS_GCF_005876855.1	aerobe
RS_GCF_900114005.1	aerobe
RS_GCF_900115085.1	aerobe
RS_GCF_004331465.1	aerobe
RS_GCF_000970285.1	anaerobe
RS_GCF_002938435.1	aerobe
RS_GCF_900116435.1	aerobe
RS_GCF_007004625.1	aerobe
RS_GCF_014203275.1	aerobe
RS_GCF_004359575.1	aerobe
RS_GCF_002954225.1	aerobe
RS_GCF_000328765.2	anaerobe
RS_GCF_000591035.1	aerobe
RS_GCF_000767055.1	aerobe
RS_GCF_000332455.1	aerobe
RS_GCF_900114895.1	anaerobe
RS_GCF_002798405.1	aerobe
GB_GCA_014651915.1	aerobe
GB_GCA_014652475.1	aerobe
RS_GCF_001889045.1	aerobe
RS_GCF_001514535.1	anaerobe
RS_GCF_002850605.1	aerobe
RS_GCF_008831125.1	aerobe
RS_GCF_001636425.1	aerobe
RS_GCF_900163835.1	aerobe
RS_GCF_003950325.1	aerobe
RS_GCF_000026125.1	aerobe
RS_GCF_900143085.1	aerobe
RS_GCF_001431645.1	aerobe
RS_GCF_000375645.1	anaerobe
RS_GCF_000686905.1	aerobe
RS_GCF_003710985.1	aerobe
RS_GCF_006337125.1	aerobe
RS_GCF_000350085.1	aerobe
RS_GCF_001302565.1	aerobe
RS_GCF_000212915.1	anaerobe
RS_GCF_009602535.1	aerobe
RS_GCF_000374625.1	aerobe
RS_GCF_000022545.1	anaerobe
GB_GCA_014643255.1	aerobe
RS_GCF_000144625.1	anaerobe
GB_GCA_014644535.1	aerobe
RS_GCF_001995255.1	anaerobe
RS_GCF_000156495.1	anaerobe
RS_GCF_000012965.1	anaerobe
RS_GCF_000337695.1	aerobe
RS_GCF_000011105.1	anaerobe
RS_GCF_014610845.1	aerobe
RS_GCF_003073175.1	aerobe
RS_GCF_000819955.1	aerobe
RS_GCF_900101955.1	anaerobe
RS_GCF_010093305.1	aerobe
RS_GCF_000378385.1	aerobe
RS_GCF_900109135.1	anaerobe
RS_GCF_000018945.1	anaerobe
RS_GCF_000348785.1	aerobe
RS_GCF_003057965.1	anaerobe
RS_GCF_000950575.1	aerobe
RS_GCF_001045675.1	anaerobe
RS_GCF_000297495.1	aerobe
RS_GCF_014203715.1	aerobe
RS_GCF_000983115.1	anaerobe
RS_GCF_004358025.1	aerobe
RS_GCF_001037465.1	aerobe
RS_GCF_007097495.1	aerobe
RS_GCF_002213425.1	aerobe
RS_GCF_002149965.1	aerobe
RS_GCF_902364025.1	anaerobe
RS_GCF_003970805.1	aerobe
RS_GCF_013133795.1	aerobe
RS_GCF_900142325.1	aerobe
RS_GCF_000152725.1	aerobe
RS_GCF_008330945.1	aerobe
RS_GCF_004138485.1	aerobe
RS_GCF_013359865.1	aerobe
RS_GCF_001302585.1	aerobe
RS_GCF_007990525.1	anaerobe
RS_GCF_900129175.1	anaerobe
RS_GCF_000379085.1	aerobe
RS_GCF_000374165.1	aerobe
RS_GCF_900102525.1	aerobe
RS_GCF_001672295.1	anaerobe
RS_GCF_003096635.1	anaerobe
RS_GCF_001975785.1	aerobe
RS_GCF_003731635.1	aerobe
RS_GCF_900108515.1	aerobe
RS_GCF_005484965.1	aerobe
RS_GCF_000422945.1	aerobe
RS_GCF_003014445.1	anaerobe
RS_GCF_001685015.1	aerobe
RS_GCF_002234615.1	aerobe
RS_GCF_008086165.1	aerobe
RS_GCF_007990635.1	anaerobe
RS_GCF_000826655.1	aerobe
RS_GCF_003034225.1	aerobe
RS_GCF_900177245.1	aerobe
RS_GCF_001580045.1	aerobe
RS_GCF_000754225.1	aerobe
RS_GCF_002945325.1	anaerobe
RS_GCF_900106035.1	aerobe
RS_GCF_003260015.1	aerobe
RS_GCF_001183985.1	aerobe
RS_GCF_001931675.1	aerobe
RS_GCF_003634315.1	anaerobe
RS_GCF_012163145.1	aerobe
RS_GCF_900188355.1	aerobe
RS_GCF_000430705.1	aerobe
RS_GCF_900110125.1	aerobe
RS_GCF_900109705.1	aerobe
RS_GCF_002023715.1	aerobe
RS_GCF_014333445.1	anaerobe
RS_GCF_003725955.1	anaerobe
RS_GCF_000337735.1	aerobe
RS_GCF_900099705.1	aerobe
RS_GCF_001639265.1	anaerobe
RS_GCF_003206155.1	aerobe
RS_GCF_001687585.2	aerobe
RS_GCF_001594015.1	anaerobe
RS_GCF_000312665.1	aerobe
RS_GCF_003008515.1	aerobe
RS_GCF_001950325.1	anaerobe
GB_GCA_014635085.1	aerobe
RS_GCF_003258515.1	aerobe
RS_GCF_001202035.1	aerobe
RS_GCF_002205845.1	aerobe
RS_GCF_900176275.1	aerobe
RS_GCF_002934605.1	aerobe
RS_GCF_000603945.1	aerobe
RS_GCF_007991515.1	aerobe
RS_GCF_001654845.1	aerobe
RS_GCF_000591415.1	aerobe
RS_GCF_009648575.1	aerobe
RS_GCF_002982115.1	aerobe
RS_GCF_001676655.1	aerobe
RS_GCF_900104535.1	aerobe
RS_GCF_000160555.1	anaerobe
RS_GCF_005876985.1	aerobe
RS_GCF_000168975.1	aerobe
RS_GCF_000973085.1	anaerobe
RS_GCF_000023985.1	anaerobe
RS_GCF_002014825.1	aerobe
RS_GCF_900215625.1	aerobe
RS_GCF_000381725.1	anaerobe
GB_GCA_000247545.1	anaerobe
RS_GCF_000179915.2	aerobe
RS_GCF_000425205.1	aerobe
RS_GCF_000585415.1	aerobe
RS_GCF_002006355.1	anaerobe
RS_GCF_004366795.1	aerobe
RS_GCF_003337305.1	aerobe
RS_GCF_000021985.1	aerobe
GB_GCA_014653785.1	aerobe
RS_GCF_013407835.1	aerobe
RS_GCF_004339565.1	aerobe
RS_GCF_000421845.1	aerobe
RS_GCF_001408515.1	aerobe
RS_GCF_900129875.1	aerobe
RS_GCF_003666605.1	anaerobe
RS_GCF_000473105.1	aerobe
RS_GCF_000231055.2	aerobe
RS_GCF_000378045.1	aerobe
RS_GCF_005222225.1	aerobe
GB_GCA_014636275.1	aerobe
RS_GCF_003987255.1	aerobe
RS_GCF_900168015.1	aerobe
RS_GCF_000025225.2	anaerobe
RS_GCF_900110255.1	aerobe
RS_GCF_003217355.1	anaerobe
RS_GCF_000023885.1	anaerobe
RS_GCF_900142075.1	anaerobe
RS_GCF_000380565.1	aerobe
RS_GCF_001676785.2	anaerobe
RS_GCF_012932565.1	aerobe
RS_GCF_001274725.1	aerobe
RS_GCF_900107145.1	anaerobe
RS_GCF_004115155.1	aerobe
RS_GCF_000614735.1	anaerobe
RS_GCF_000269605.1	anaerobe
RS_GCF_900107105.1	aerobe
RS_GCF_001311035.1	anaerobe
RS_GCF_000424205.1	anaerobe
RS_GCF_014201355.1	aerobe
RS_GCF_000179575.2	anaerobe
RS_GCF_001676875.1	aerobe
RS_GCF_003987475.1	aerobe
RS_GCF_014076555.1	anaerobe
RS_GCF_000236565.1	aerobe
RS_GCF_008795985.1	aerobe
GB_GCA_002951815.1	aerobe
RS_GCF_900105925.1	aerobe
RS_GCF_000828675.1	anaerobe
RS_GCF_000963865.1	aerobe
RS_GCF_000730625.1	aerobe
RS_GCF_011764445.1	aerobe
RS_GCF_000425265.1	anaerobe
RS_GCF_000016505.1	anaerobe
RS_GCF_900116515.1	aerobe
RS_GCF_009725985.1	aerobe
RS_GCF_001661915.1	aerobe
RS_GCF_001885235.1	aerobe
RS_GCF_007004645.1	aerobe
RS_GCF_000421545.1	aerobe
RS_GCF_009735625.1	anaerobe
RS_GCF_001570945.1	aerobe
RS_GCF_900606115.1	aerobe
RS_GCF_014202345.1	anaerobe
RS_GCF_900184265.1	anaerobe
RS_GCF_900168055.1	aerobe
RS_GCF_000224335.1	aerobe
RS_GCF_000426605.1	anaerobe
RS_GCF_012932215.1	aerobe
RS_GCF_000145615.1	anaerobe
RS_GCF_000423665.1	aerobe
RS_GCF_001639285.1	anaerobe
RS_GCF_001971705.1	aerobe
RS_GCF_900112845.1	aerobe
RS_GCF_900156505.1	aerobe
RS_GCF_002563955.1	aerobe
RS_GCF_013403915.1	aerobe
RS_GCF_003545815.1	aerobe
RS_GCF_002205675.1	aerobe
RS_GCF_002926065.1	aerobe
RS_GCF_009184635.1	aerobe
RS_GCF_011759365.1	aerobe
RS_GCF_000014185.1	aerobe
RS_GCF_014203735.1	aerobe
RS_GCF_011742875.1	aerobe
RS_GCF_001439925.1	aerobe
RS_GCF_000421605.1	anaerobe
RS_GCF_000802425.1	aerobe
RS_GCF_000341395.1	anaerobe
RS_GCF_013410545.1	aerobe
RS_GCF_000751555.1	anaerobe
RS_GCF_003335045.1	aerobe
RS_GCF_002075345.1	aerobe
RS_GCF_002995795.1	anaerobe
RS_GCF_001405555.1	anaerobe
RS_GCF_002285435.1	aerobe
RS_GCF_002934445.1	aerobe
RS_GCF_004115975.1	aerobe
GB_GCA_014639655.1	aerobe
RS_GCF_000428745.1	anaerobe
RS_GCF_003721225.1	aerobe
RS_GCF_000954135.1	aerobe
RS_GCF_900113175.1	aerobe
RS_GCF_000264375.1	aerobe
GB_GCA_014640255.1	aerobe
RS_GCF_000225345.1	anaerobe
RS_GCF_003955735.1	aerobe
RS_GCF_003313245.1	aerobe
RS_GCF_900182555.1	aerobe
GB_GCA_001312325.1	aerobe
RS_GCF_001436775.1	anaerobe
RS_GCF_004121055.1	aerobe
RS_GCF_003010935.1	aerobe
RS_GCF_000025285.1	anaerobe
RS_GCF_000021645.1	anaerobe
RS_GCF_001258055.1	aerobe
RS_GCF_002205645.1	aerobe
RS_GCF_003233655.1	aerobe
RS_GCF_001029435.1	aerobe
RS_GCF_009295725.1	anaerobe
RS_GCF_003260205.1	aerobe
RS_GCF_011089875.1	aerobe
GB_GCA_014645615.1	aerobe
RS_GCF_014109725.1	aerobe
RS_GCF_000010985.1	anaerobe
RS_GCF_003217475.1	aerobe
RS_GCF_000829515.1	aerobe
RS_GCF_002834295.1	aerobe
RS_GCF_013185195.1	aerobe
RS_GCF_007971385.1	aerobe
RS_GCF_001647275.1	aerobe
RS_GCF_003268025.1	aerobe
RS_GCF_001729765.1	aerobe
RS_GCF_000184345.1	anaerobe
RS_GCF_007280415.1	aerobe
RS_GCF_000373265.1	aerobe
RS_GCF_000244975.1	aerobe
RS_GCF_003264935.1	anaerobe
RS_GCF_014192475.1	aerobe
RS_GCF_002077945.1	aerobe
RS_GCF_001403795.1	aerobe
RS_GCF_003205195.1	aerobe
RS_GCF_001552255.1	aerobe
RS_GCF_000301055.1	aerobe
RS_GCF_002356555.2	anaerobe
RS_GCF_002844595.1	aerobe
RS_GCF_007859855.1	aerobe
RS_GCF_002257705.1	anaerobe
RS_GCF_900114435.1	aerobe
RS_GCF_000759345.1	aerobe
GB_GCA_014642815.1	aerobe
RS_GCF_000019905.1	aerobe
RS_GCF_000770795.1	aerobe
RS_GCF_900156645.1	aerobe
RS_GCF_001921205.1	aerobe
RS_GCF_008802405.1	aerobe
RS_GCF_010977555.1	aerobe
RS_GCF_900129115.1	anaerobe
RS_GCF_003259185.1	aerobe
RS_GCF_003986955.1	aerobe
RS_GCF_001595645.1	anaerobe
GB_GCA_014651715.1	aerobe
GB_GCA_003265685.1	aerobe
RS_GCF_011762225.1	aerobe
RS_GCF_003570715.1	aerobe
RS_GCF_001592305.1	aerobe
RS_GCF_014199215.1	aerobe
RS_GCF_900142645.1	anaerobe
RS_GCF_014203125.1	anaerobe
RS_GCF_006542765.1	aerobe
RS_GCF_900114115.1	anaerobe
RS_GCF_003668565.1	aerobe
RS_GCF_000233455.1	anaerobe
RS_GCF_001583435.1	aerobe
RS_GCF_900168115.1	aerobe
RS_GCF_000420025.1	aerobe
RS_GCF_900109555.1	aerobe
RS_GCF_000243455.1	anaerobe
RS_GCF_014192155.1	aerobe
RS_GCF_003818135.1	aerobe
RS_GCF_000244895.1	anaerobe
RS_GCF_000312025.1	anaerobe
RS_GCF_900115005.1	aerobe
RS_GCF_000733725.1	aerobe
RS_GCF_014203155.1	anaerobe
RS_GCF_900188085.1	aerobe
RS_GCF_011634895.1	aerobe
RS_GCF_000621145.1	anaerobe
RS_GCF_000063445.1	anaerobe
RS_GCF_000424665.1	aerobe
RS_GCF_002798305.1	aerobe
RS_GCF_900188235.1	aerobe
RS_GCF_000160475.1	anaerobe
RS_GCF_008638305.1	aerobe
RS_GCF_900112175.1	aerobe
RS_GCF_007997285.1	aerobe
RS_GCF_000359745.1	aerobe
RS_GCF_002072215.1	anaerobe
GB_GCA_014643375.1	aerobe
RS_GCF_001636545.1	anaerobe
RS_GCF_014204985.1	aerobe
GB_GCA_014642635.1	aerobe
RS_GCF_000576595.1	aerobe
RS_GCF_003260025.2	aerobe
RS_GCF_000423405.1	aerobe
RS_GCF_900177735.1	anaerobe
RS_GCF_004570955.1	aerobe
RS_GCF_007993045.1	aerobe
RS_GCF_003675895.1	aerobe
RS_GCF_001006285.1	anaerobe
RS_GCF_003989135.1	aerobe
RS_GCF_001202025.1	aerobe
RS_GCF_001889405.1	anaerobe
RS_GCF_000178835.2	anaerobe
RS_GCF_002964605.1	anaerobe
RS_GCF_000236685.1	anaerobe
GB_GCA_004369205.1	anaerobe
RS_GCF_005281475.1	aerobe
RS_GCF_900166655.1	aerobe
RS_GCF_000378505.1	aerobe
RS_GCF_002744755.1	aerobe
RS_GCF_004363175.1	aerobe
RS_GCF_900141935.1	aerobe
RS_GCF_001641285.1	aerobe
RS_GCF_002163585.1	aerobe
RS_GCF_000312145.1	anaerobe
RS_GCF_003148665.1	aerobe
RS_GCF_013408305.1	aerobe
RS_GCF_900116535.1	aerobe
RS_GCF_900156875.1	aerobe
RS_GCF_900002575.1	anaerobe
RS_GCF_014205175.1	aerobe
RS_GCF_011927695.1	aerobe
RS_GCF_900128995.1	aerobe
RS_GCF_003172895.1	aerobe
RS_GCF_900478215.1	aerobe
RS_GCF_001720585.1	anaerobe
RS_GCF_000251105.1	anaerobe
RS_GCF_900156805.1	aerobe
RS_GCF_000145275.1	anaerobe
RS_GCF_007994985.1	aerobe
RS_GCF_900114585.1	anaerobe
RS_GCF_013410065.1	aerobe
RS_GCF_001447195.1	aerobe
RS_GCF_900103615.1	anaerobe
RS_GCF_003075095.1	aerobe
RS_GCF_001278945.1	aerobe
RS_GCF_008362905.1	anaerobe
RS_GCF_900461105.1	anaerobe
RS_GCF_008630065.1	anaerobe
RS_GCF_001050195.2	anaerobe
RS_GCF_000725425.1	anaerobe
RS_GCF_900129295.1	aerobe
RS_GCF_003710105.1	aerobe
RS_GCF_900116555.1	aerobe
GB_GCA_014652715.1	aerobe
RS_GCF_002276165.1	aerobe
GB_GCA_014647595.1	aerobe
RS_GCF_900188335.1	aerobe
RS_GCF_900637705.1	anaerobe
RS_GCF_006715045.1	aerobe
RS_GCF_900141805.1	aerobe
RS_GCF_013294265.1	anaerobe
RS_GCF_001570585.1	aerobe
RS_GCF_000723505.1	anaerobe
RS_GCF_006459125.1	anaerobe
RS_GCF_009905255.1	anaerobe
RS_GCF_900114715.1	aerobe
RS_GCF_900102925.1	aerobe
RS_GCF_900114315.1	aerobe
RS_GCF_001277195.1	aerobe
RS_GCF_003993795.1	aerobe
RS_GCF_003609995.1	anaerobe
GB_GCA_002104535.1	aerobe
RS_GCF_900070325.1	anaerobe
RS_GCF_900113935.1	aerobe
RS_GCF_003367905.1	anaerobe
RS_GCF_000196615.1	aerobe
RS_GCF_004217495.1	aerobe
RS_GCF_900107125.1	anaerobe
RS_GCF_900107695.1	aerobe
RS_GCF_000380505.1	aerobe
RS_GCF_000196675.1	aerobe
RS_GCF_001307765.1	aerobe
RS_GCF_001950255.1	anaerobe
RS_GCF_000421585.1	anaerobe
RS_GCF_900176415.1	aerobe
RS_GCF_003664555.1	aerobe
RS_GCF_000597725.1	anaerobe
RS_GCF_000971335.1	aerobe
RS_GCF_002864685.1	aerobe
RS_GCF_002105285.1	aerobe
RS_GCF_900101125.1	aerobe
RS_GCF_008124625.1	anaerobe
RS_GCF_014190805.1	aerobe
RS_GCF_900112585.1	aerobe
RS_GCF_004959935.1	aerobe
RS_GCF_003987275.1	aerobe
RS_GCF_001570885.1	aerobe
RS_GCF_001436025.1	anaerobe
RS_GCF_005887615.1	aerobe
RS_GCF_001866005.1	anaerobe
RS_GCF_001654835.1	aerobe
RS_GCF_001591485.1	aerobe
RS_GCF_007859075.1	aerobe
RS_GCF_900699765.1	anaerobe
RS_GCF_000768685.1	aerobe
RS_GCF_000744175.1	aerobe
GB_GCA_014645135.1	aerobe
RS_GCF_900111515.1	aerobe
RS_GCF_014197755.1	anaerobe
GB_GCA_014647035.1	anaerobe
RS_GCF_900128905.1	anaerobe
RS_GCF_900167475.1	aerobe
RS_GCF_000275865.1	anaerobe
GB_GCA_014642895.1	aerobe
RS_GCF_003633775.1	aerobe
RS_GCF_900143285.1	anaerobe
RS_GCF_003725695.1	aerobe
RS_GCF_003012055.1	anaerobe
RS_GCF_000826645.1	aerobe
RS_GCF_002813635.1	aerobe
RS_GCF_003352835.1	aerobe
RS_GCF_000422485.1	aerobe
RS_GCF_000027145.1	aerobe
RS_GCF_002249995.1	aerobe
RS_GCF_900187325.1	aerobe
RS_GCF_002155695.1	aerobe
RS_GCF_005046945.1	anaerobe
GB_GCA_014644415.1	aerobe
RS_GCF_000414175.1	aerobe
RS_GCF_003725995.1	anaerobe
RS_GCF_003966145.1	aerobe
RS_GCF_002514735.1	aerobe
RS_GCF_900460855.1	aerobe
RS_GCF_003576245.1	aerobe
RS_GCF_900129825.1	aerobe
RS_GCF_900445255.1	anaerobe
RS_GCF_002921145.1	aerobe
RS_GCF_000964405.1	aerobe
RS_GCF_000969605.1	aerobe
RS_GCF_000006175.1	anaerobe
RS_GCF_900197855.1	aerobe
RS_GCF_901447155.2	anaerobe
RS_GCF_000152985.1	aerobe
RS_GCF_000330705.1	aerobe
RS_GCF_900107665.1	aerobe
RS_GCF_900110645.1	aerobe
RS_GCF_001747085.1	aerobe
RS_GCF_003236175.1	aerobe
RS_GCF_000821045.2	aerobe
RS_GCF_014207705.1	aerobe
RS_GCF_000227315.1	anaerobe
RS_GCF_009939005.1	aerobe
RS_GCF_900111865.1	aerobe
RS_GCF_001571285.1	aerobe
RS_GCF_004000745.1	aerobe
RS_GCF_000178955.2	aerobe
RS_GCF_013304445.1	anaerobe
RS_GCF_001939065.1	aerobe
RS_GCF_900115155.1	aerobe
RS_GCF_000008765.1	anaerobe
RS_GCF_000940995.1	aerobe
RS_GCF_003025005.1	aerobe
RS_GCF_003992115.1	anaerobe
RS_GCF_002795865.1	aerobe
RS_GCF_900103415.1	anaerobe
RS_GCF_900143645.1	anaerobe
RS_GCF_000017585.1	anaerobe
RS_GCF_001544355.1	aerobe
RS_GCF_002207865.1	anaerobe
RS_GCF_002813695.1	anaerobe
RS_GCF_900109575.1	aerobe
RS_GCF_000744435.1	anaerobe
RS_GCF_900128925.1	aerobe
RS_GCF_003385395.1	aerobe
RS_GCF_007991635.1	aerobe
RS_GCF_900207585.1	aerobe
RS_GCF_002157465.1	anaerobe
RS_GCF_900101385.1	aerobe
GB_GCA_014646195.1	aerobe
RS_GCF_000816145.1	anaerobe
RS_GCF_003865095.1	anaerobe
RS_GCF_003111625.1	anaerobe
RS_GCF_001399675.1	aerobe
RS_GCF_000154705.2	aerobe
RS_GCF_000018325.1	anaerobe
GB_GCA_014653195.1	aerobe
RS_GCF_000336955.1	aerobe
RS_GCF_900450765.1	anaerobe
RS_GCF_010550695.1	aerobe
RS_GCF_001570565.1	aerobe
RS_GCF_000156015.1	anaerobe
RS_GCF_000377765.1	aerobe
RS_GCF_000427425.1	anaerobe
RS_GCF_002091635.1	aerobe
RS_GCF_900143065.1	aerobe
RS_GCF_012395255.1	aerobe
RS_GCF_000378145.1	aerobe
RS_GCF_901447495.1	anaerobe
RS_GCF_002076895.1	aerobe
RS_GCF_009192745.1	aerobe
RS_GCF_000350145.1	aerobe
RS_GCF_001750725.1	aerobe
RS_GCF_900143205.1	anaerobe
RS_GCF_900102685.1	aerobe
RS_GCF_000337375.1	aerobe
RS_GCF_001418255.1	aerobe
RS_GCF_000376225.1	aerobe
RS_GCF_900176075.1	aerobe
RS_GCF_000374025.1	aerobe
RS_GCF_006569205.1	aerobe
GB_GCA_014645015.1	aerobe
RS_GCF_003634095.1	aerobe
RS_GCF_000315055.1	aerobe
RS_GCF_003205575.1	aerobe
RS_GCF_000701665.1	anaerobe
RS_GCF_000337475.1	aerobe
RS_GCF_900112935.1	anaerobe
RS_GCF_000189775.2	anaerobe
RS_GCF_000204415.1	anaerobe
RS_GCF_900100255.1	aerobe
RS_GCF_000974765.1	aerobe
GB_GCA_014647535.1	aerobe
RS_GCF_000422445.1	aerobe
RS_GCF_003008595.1	aerobe
RS_GCF_006384875.1	aerobe
RS_GCF_000182645.1	aerobe
RS_GCF_007830035.1	aerobe
RS_GCF_003349965.1	aerobe
RS_GCF_900116205.1	aerobe
RS_GCF_002924625.1	anaerobe
RS_GCF_900107215.1	anaerobe
RS_GCF_001414055.1	aerobe
GB_GCA_014647615.1	aerobe
RS_GCF_000019805.1	anaerobe
RS_GCF_003323745.1	aerobe
RS_GCF_004519295.1	aerobe
RS_GCF_000421185.1	aerobe
RS_GCF_009392895.1	aerobe
RS_GCF_002895945.1	aerobe
RS_GCF_900106765.1	anaerobe
RS_GCF_900101095.1	aerobe
RS_GCF_013240295.1	aerobe
RS_GCF_000759755.1	aerobe
RS_GCF_004803795.1	anaerobe
RS_GCF_000160455.2	anaerobe
RS_GCF_001955655.1	aerobe
RS_GCF_000293805.1	aerobe
GB_GCA_014651675.1	aerobe
RS_GCF_014199685.1	aerobe
RS_GCF_000016425.1	aerobe
RS_GCF_001747105.1	aerobe
RS_GCF_012396015.1	aerobe
RS_GCF_000981765.1	aerobe
RS_GCF_012910705.1	anaerobe
RS_GCF_005869875.1	aerobe
RS_GCF_900454685.1	anaerobe
RS_GCF_002936985.1	aerobe
RS_GCF_000487995.1	anaerobe
RS_GCF_900109525.1	aerobe
RS_GCF_003148625.1	aerobe
RS_GCF_005845365.1	aerobe
GB_GCA_002243685.1	aerobe
RS_GCF_000379925.1	anaerobe
GB_GCA_014640555.1	aerobe
RS_GCF_900167025.1	anaerobe
RS_GCF_900167265.1	anaerobe
RS_GCF_014195585.1	anaerobe
RS_GCF_001439635.1	aerobe
RS_GCF_004337705.1	aerobe
RS_GCF_003387475.1	aerobe
RS_GCF_010692725.1	aerobe
RS_GCF_000708755.2	aerobe
GB_GCA_014636495.1	aerobe
RS_GCF_900110065.1	aerobe
RS_GCF_003258595.1	aerobe
RS_GCF_000214175.1	aerobe
RS_GCF_000419445.1	aerobe
RS_GCF_001940565.1	anaerobe
RS_GCF_000310205.1	aerobe
RS_GCF_003965815.1	aerobe
RS_GCF_000482505.1	anaerobe
GB_GCA_014641075.1	aerobe
RS_GCF_001553115.1	anaerobe
RS_GCF_002930645.1	aerobe
RS_GCF_003626695.1	aerobe
RS_GCF_014199205.1	aerobe
GB_GCA_009821115.1	aerobe
RS_GCF_000828125.2	aerobe
RS_GCF_003217295.1	aerobe
RS_GCF_000381265.1	aerobe
RS_GCF_001908105.1	aerobe
RS_GCF_001550065.1	aerobe
RS_GCF_013204845.1	aerobe
RS_GCF_900113035.1	aerobe
RS_GCF_009828025.1	aerobe
RS_GCF_002216775.1	aerobe
RS_GCF_006265245.1	anaerobe
RS_GCF_000739065.1	anaerobe
RS_GCF_903970205.1	aerobe
RS_GCF_006363815.1	aerobe
RS_GCF_001306415.1	aerobe
GB_GCA_001316025.1	anaerobe
RS_GCF_001561955.1	anaerobe
RS_GCF_007830175.1	anaerobe
RS_GCF_001601575.1	anaerobe
RS_GCF_004785645.1	aerobe
RS_GCF_003003125.1	aerobe
RS_GCF_005144885.1	aerobe
RS_GCF_001592965.1	aerobe
RS_GCF_001311565.1	anaerobe
RS_GCF_000214825.1	aerobe
RS_GCF_004216915.1	aerobe
RS_GCF_000013285.1	anaerobe
RS_GCF_900129285.1	anaerobe
RS_GCF_003096075.1	aerobe
RS_GCF_005960665.1	aerobe
RS_GCF_003666245.1	aerobe
RS_GCF_000154065.1	anaerobe
RS_GCF_900215575.1	aerobe
RS_GCF_000262405.1	aerobe
RS_GCF_002020355.1	anaerobe
RS_GCF_000185385.1	anaerobe
RS_GCF_900099815.1	aerobe
RS_GCF_000818015.1	aerobe
RS_GCF_000151105.2	anaerobe
RS_GCF_001730685.1	anaerobe
RS_GCF_001571775.1	anaerobe
RS_GCF_001879695.1	aerobe
RS_GCF_001996005.1	anaerobe
RS_GCF_013409595.1	aerobe
RS_GCF_014144865.1	aerobe
RS_GCF_000021725.1	anaerobe
RS_GCF_002270465.1	anaerobe
RS_GCF_900215215.1	anaerobe
RS_GCF_013004605.1	aerobe
RS_GCF_000466965.1	aerobe
RS_GCF_009720755.1	anaerobe
RS_GCF_003260975.1	aerobe
RS_GCF_900114835.1	anaerobe
RS_GCF_010500895.1	aerobe
RS_GCF_900105065.1	aerobe
RS_GCF_000688295.1	aerobe
RS_GCF_002008225.1	aerobe
RS_GCF_900156865.1	aerobe
RS_GCF_002119425.1	anaerobe
RS_GCF_900105965.1	aerobe
RS_GCF_007829815.1	aerobe
RS_GCF_000327485.1	anaerobe
RS_GCF_900107815.1	anaerobe
RS_GCF_002902665.1	aerobe
RS_GCF_002355475.1	aerobe
RS_GCF_004799685.1	aerobe
RS_GCF_000515355.1	aerobe
RS_GCF_000445475.1	anaerobe
RS_GCF_900111805.1	aerobe
RS_GCF_007655485.1	aerobe
GB_GCA_900114885.1	aerobe
RS_GCF_001190745.1	anaerobe
GB_GCA_014643455.1	aerobe
RS_GCF_000243115.2	aerobe
GB_GCA_014653695.1	aerobe
RS_GCF_000196455.1	anaerobe
RS_GCF_000934755.1	anaerobe
RS_GCF_000744375.1	aerobe
RS_GCF_002911695.1	aerobe
RS_GCF_000382285.1	aerobe
RS_GCF_007679095.1	aerobe
RS_GCF_000166735.1	anaerobe
GB_GCA_009738435.1	anaerobe
RS_GCF_001441165.1	anaerobe
RS_GCF_001661595.2	aerobe
RS_GCF_000317835.1	aerobe
RS_GCF_000382705.1	anaerobe
RS_GCF_001592265.1	aerobe
GB_GCA_014652375.1	aerobe
RS_GCF_900115705.1	aerobe
RS_GCF_003049725.1	aerobe
RS_GCF_000314855.2	aerobe
RS_GCF_000745485.1	anaerobe
RS_GCF_014323705.1	aerobe
RS_GCF_001748285.1	aerobe
RS_GCF_000473245.1	aerobe
RS_GCF_002216005.1	anaerobe
RS_GCF_003265355.1	aerobe
RS_GCF_000011805.1	aerobe
RS_GCF_900142265.1	anaerobe
GB_GCA_014647115.1	aerobe
RS_GCF_900143255.1	anaerobe
RS_GCF_003534205.1	anaerobe
RS_GCF_005843985.1	anaerobe
RS_GCF_000828655.1	anaerobe
RS_GCF_002927045.1	aerobe
GB_GCA_001313365.1	aerobe
RS_GCF_002499975.2	aerobe
RS_GCF_000212415.1	anaerobe
RS_GCF_900112365.1	aerobe
RS_GCF_003970575.1	aerobe
RS_GCF_000375405.1	anaerobe
RS_GCF_002142155.1	anaerobe
RS_GCF_013337685.1	aerobe
RS_GCF_007558725.1	aerobe
RS_GCF_900113315.1	aerobe
RS_GCF_000013405.1	anaerobe
RS_GCF_900104305.1	aerobe
RS_GCF_900107725.1	aerobe
RS_GCF_003515685.1	aerobe
RS_GCF_008119665.1	aerobe
RS_GCF_000430005.1	anaerobe
RS_GCF_000215745.1	aerobe
RS_GCF_900111775.1	anaerobe
RS_GCF_900101495.1	anaerobe
RS_GCF_003688615.2	aerobe
RS_GCF_003544855.1	aerobe
RS_GCF_010915725.1	anaerobe
RS_GCF_900107405.1	anaerobe
RS_GCF_005937185.1	aerobe
RS_GCF_002844375.1	aerobe
RS_GCF_001020205.1	anaerobe
RS_GCF_013407955.1	aerobe
RS_GCF_900218015.1	anaerobe
RS_GCF_900129265.1	anaerobe
RS_GCF_000320505.1	anaerobe
RS_GCF_000250875.1	anaerobe
RS_GCF_000300275.1	anaerobe
RS_GCF_008086205.1	aerobe
RS_GCF_002879855.1	aerobe
RS_GCF_003952265.1	aerobe
GB_GCA_014642855.1	aerobe
RS_GCF_001908095.1	aerobe
RS_GCF_001683795.1	anaerobe
RS_GCF_000195755.1	anaerobe
RS_GCF_013407855.1	aerobe
RS_GCF_009711525.1	aerobe
RS_GCF_000264765.2	aerobe
RS_GCF_000696575.1	aerobe
RS_GCF_001854185.1	anaerobe
RS_GCF_003846135.1	aerobe
RS_GCF_000483125.1	anaerobe
GB_GCA_014651895.1	aerobe
RS_GCF_900142225.1	anaerobe
RS_GCF_003269065.1	aerobe
RS_GCF_002954715.1	aerobe
RS_GCF_002846205.1	aerobe
RS_GCF_011947235.1	aerobe
RS_GCF_001758365.1	anaerobe
RS_GCF_900186975.1	anaerobe
RS_GCF_001591765.1	anaerobe
RS_GCF_002934235.1	anaerobe
RS_GCF_000160615.1	anaerobe
RS_GCF_003019695.1	anaerobe
RS_GCF_900141885.1	aerobe
RS_GCF_000430745.1	aerobe
RS_GCF_000423865.1	anaerobe
RS_GCF_002115805.1	aerobe
RS_GCF_011759585.1	aerobe
RS_GCF_002995785.1	anaerobe
RS_GCF_001968985.1	anaerobe
RS_GCF_003688405.1	aerobe
RS_GCF_014199155.1	aerobe
RS_GCF_004216715.1	aerobe
GB_GCA_003241595.1	aerobe
RS_GCF_900115365.1	anaerobe
RS_GCF_000420385.1	anaerobe
RS_GCF_003050785.1	aerobe
RS_GCF_000015765.1	anaerobe
GB_GCA_014641495.1	aerobe
RS_GCF_007828865.1	aerobe
RS_GCF_000240225.1	aerobe
RS_GCF_000311865.1	anaerobe
RS_GCF_000380965.1	aerobe
RS_GCF_000300195.1	anaerobe
RS_GCF_900111985.1	anaerobe
RS_GCF_004799285.1	aerobe
RS_GCF_002934625.1	aerobe
RS_GCF_000185805.1	anaerobe
RS_GCF_000239155.1	aerobe
RS_GCF_002150035.1	anaerobe
RS_GCF_006439335.1	aerobe
RS_GCF_002886045.1	aerobe
RS_GCF_002117405.1	aerobe
RS_GCF_003339815.1	anaerobe
RS_GCF_000755145.1	anaerobe
RS_GCF_000272005.1	aerobe
RS_GCF_000473165.1	aerobe
RS_GCF_003355495.1	aerobe
RS_GCF_900110435.1	anaerobe
RS_GCF_000146185.1	anaerobe
RS_GCF_900116805.1	aerobe
RS_GCF_001461035.1	anaerobe
RS_GCF_000014965.1	anaerobe
RS_GCF_000337815.1	aerobe
RS_GCF_000300235.2	anaerobe
RS_GCF_001591345.1	aerobe
RS_GCF_003149675.1	anaerobe
RS_GCF_014204325.1	aerobe
RS_GCF_000227705.2	aerobe
RS_GCF_004339095.1	anaerobe
RS_GCF_001263795.1	anaerobe
RS_GCF_004366375.1	anaerobe
RS_GCF_900110135.1	aerobe
RS_GCF_900102135.1	aerobe
RS_GCF_000470655.1	anaerobe
GB_GCA_000517005.1	aerobe
RS_GCF_014200805.1	aerobe
RS_GCF_014205115.1	aerobe
RS_GCF_009674805.1	aerobe
RS_GCF_900105715.1	aerobe
RS_GCF_900115205.1	aerobe
RS_GCF_003003255.1	aerobe
RS_GCF_000008185.1	anaerobe
RS_GCF_004123295.1	aerobe
RS_GCF_000934745.1	anaerobe
GB_GCA_014636475.1	aerobe
RS_GCF_001591605.1	aerobe
RS_GCF_002251735.1	aerobe
RS_GCF_004366715.1	aerobe
RS_GCF_003129465.1	aerobe
RS_GCF_900129985.1	anaerobe
RS_GCF_900106795.1	aerobe
RS_GCF_900108485.1	aerobe
RS_GCF_000420345.1	anaerobe
RS_GCF_000739915.1	aerobe
RS_GCF_003369445.1	aerobe
RS_GCF_003002055.1	aerobe
RS_GCF_003858645.1	aerobe
RS_GCF_000337495.1	aerobe
RS_GCF_000447675.1	anaerobe
RS_GCF_002804065.1	aerobe
RS_GCF_000732635.1	anaerobe
RS_GCF_001447355.1	aerobe
RS_GCF_002263495.1	aerobe
RS_GCF_000337175.1	aerobe
RS_GCF_000349205.1	aerobe
RS_GCF_900100605.1	aerobe
RS_GCF_012221945.1	aerobe
RS_GCF_008014775.1	aerobe
RS_GCF_009725995.1	aerobe
RS_GCF_000527095.1	aerobe
RS_GCF_003171675.1	aerobe
RS_GCF_000307265.1	anaerobe
RS_GCF_001758465.1	aerobe
RS_GCF_013149785.1	aerobe
RS_GCF_003309065.1	aerobe
RS_GCF_001570545.1	aerobe
RS_GCF_000875775.1	aerobe
RS_GCF_009827305.1	aerobe
RS_GCF_000238055.2	anaerobe
RS_GCF_000429525.1	aerobe
RS_GCF_900176285.1	anaerobe
RS_GCF_003254705.1	aerobe
RS_GCF_000468755.1	anaerobe
RS_GCF_000337095.1	aerobe
RS_GCF_001598695.1	aerobe
GB_GCA_005768725.1	anaerobe
RS_GCF_003864975.1	aerobe
RS_GCF_002014765.1	aerobe
RS_GCF_000948975.1	aerobe
RS_GCF_004310685.1	aerobe
RS_GCF_001677335.1	aerobe
RS_GCF_001598295.1	aerobe
RS_GCF_900113275.1	aerobe
RS_GCF_004006635.1	anaerobe
RS_GCF_000381065.1	anaerobe
RS_GCF_000177635.2	anaerobe
RS_GCF_000296465.1	anaerobe
RS_GCF_003583365.1	aerobe
RS_GCF_000422245.1	anaerobe
RS_GCF_900155935.1	aerobe
GB_GCA_014642655.1	aerobe
RS_GCF_008124715.1	anaerobe
RS_GCF_000591055.1	aerobe
GB_GCA_001956915.1	aerobe
RS_GCF_000714935.1	aerobe
RS_GCF_900116375.1	aerobe
RS_GCF_000513855.1	anaerobe
RS_GCF_014196845.1	aerobe
RS_GCF_000576575.1	aerobe
RS_GCF_003633715.1	anaerobe
RS_GCF_003391115.1	aerobe
RS_GCF_000376885.1	anaerobe
RS_GCF_013388255.1	anaerobe
RS_GCF_001642735.1	aerobe
RS_GCF_000341245.1	aerobe
RS_GCF_009469695.1	anaerobe
RS_GCF_003851005.1	anaerobe
RS_GCF_003024675.1	anaerobe
RS_GCF_001406815.1	anaerobe
RS_GCF_001590785.1	aerobe
RS_GCF_001594005.1	anaerobe
GB_GCA_002205125.1	aerobe
RS_GCF_006539725.1	aerobe
RS_GCF_001552735.1	aerobe
RS_GCF_001050135.1	aerobe
RS_GCF_900380035.1	aerobe
RS_GCF_014068355.1	aerobe
RS_GCF_000014945.1	anaerobe
RS_GCF_009184905.1	aerobe
RS_GCF_900172235.1	aerobe
RS_GCF_014195535.1	aerobe
RS_GCF_900095295.1	anaerobe
RS_GCF_900100845.1	anaerobe
RS_GCF_003259935.1	aerobe
RS_GCF_000970465.2	aerobe
RS_GCF_003173355.1	anaerobe
RS_GCF_000709085.1	aerobe
RS_GCF_013410375.1	aerobe
RS_GCF_000820705.1	anaerobe
GB_GCA_014636635.1	aerobe
RS_GCF_000378345.1	aerobe
RS_GCF_010669125.1	aerobe
RS_GCF_000429505.1	anaerobe
RS_GCF_900102015.1	aerobe
GB_GCA_014652915.1	aerobe
RS_GCF_000284415.1	anaerobe
RS_GCF_001997385.1	anaerobe
RS_GCF_009299835.1	aerobe
RS_GCF_001281485.1	aerobe
RS_GCF_014207565.1	anaerobe
RS_GCF_000429305.1	anaerobe
RS_GCF_013265585.1	aerobe
RS_GCF_900156425.1	aerobe
RS_GCF_003367475.1	aerobe
RS_GCF_000621325.1	aerobe
RS_GCF_000191585.1	anaerobe
RS_GCF_000242435.1	anaerobe
RS_GCF_003054245.1	aerobe
RS_GCF_003610195.1	aerobe
RS_GCF_900163545.1	aerobe
GB_GCA_014637345.1	aerobe
RS_GCF_000258765.1	aerobe
RS_GCF_001999465.1	aerobe
RS_GCF_003992665.1	aerobe
RS_GCF_003862485.1	anaerobe
RS_GCF_000789255.1	anaerobe
RS_GCF_001552655.1	aerobe
RS_GCF_000092305.1	anaerobe
RS_GCF_000174015.1	anaerobe
RS_GCF_003431825.1	aerobe
RS_GCF_003957255.1	anaerobe
RS_GCF_900113695.1	aerobe
RS_GCF_900187165.1	anaerobe
RS_GCF_014635565.1	aerobe
RS_GCF_900100975.1	aerobe
RS_GCF_000423845.1	anaerobe
RS_GCF_002884815.1	anaerobe
RS_GCF_004369225.1	anaerobe
RS_GCF_000619945.1	anaerobe
RS_GCF_014196925.1	aerobe
GB_GCA_003533245.1	aerobe
RS_GCF_003259525.1	aerobe
RS_GCF_900129365.1	anaerobe
RS_GCF_013378075.1	aerobe
RS_GCF_900112235.1	aerobe
RS_GCF_901687125.1	aerobe
RS_GCF_013408555.1	aerobe
GB_GCA_014646875.1	aerobe
RS_GCF_001701045.1	anaerobe
RS_GCF_900099975.1	aerobe
RS_GCF_004681965.1	aerobe
RS_GCF_000265385.1	aerobe
GB_GCA_003202005.1	aerobe
RS_GCF_005280655.1	anaerobe
RS_GCF_900116235.1	aerobe
RS_GCF_000597865.1	anaerobe
RS_GCF_900114615.1	anaerobe
RS_GCF_007997295.1	aerobe
RS_GCF_000422345.1	aerobe
RS_GCF_003173335.1	anaerobe
RS_GCF_003967555.1	aerobe
RS_GCF_000252995.1	aerobe
RS_GCF_000744115.1	aerobe
RS_GCF_900142135.1	anaerobe
RS_GCF_000953715.1	anaerobe
RS_GCF_000208385.1	anaerobe
RS_GCF_008974285.1	aerobe
RS_GCF_008831085.1	aerobe
RS_GCF_001306135.1	aerobe
RS_GCF_001548275.1	anaerobe
RS_GCF_008271745.1	aerobe
RS_GCF_001571045.1	aerobe
RS_GCF_900100875.1	aerobe
RS_GCF_001027025.1	anaerobe
RS_GCF_000276805.1	aerobe
GB_GCA_014646895.1	aerobe
RS_GCF_000300995.1	aerobe
RS_GCF_001431195.1	aerobe
RS_GCF_900115715.1	aerobe
RS_GCF_000017185.1	anaerobe
RS_GCF_000350525.1	aerobe
RS_GCF_004153445.1	aerobe
RS_GCF_900115115.1	aerobe
RS_GCF_000504085.1	anaerobe
RS_GCF_900205925.1	anaerobe
RS_GCF_900142095.1	anaerobe
RS_GCF_003667705.1	aerobe
RS_GCF_000469345.1	anaerobe
RS_GCF_000420325.1	aerobe
RS_GCF_002982075.1	aerobe
RS_GCF_010906925.1	anaerobe
RS_GCF_000193375.1	anaerobe
RS_GCF_001642325.1	anaerobe
RS_GCF_000521505.1	aerobe
RS_GCF_001896205.1	aerobe
RS_GCF_004153685.1	aerobe
RS_GCF_003609975.1	aerobe
RS_GCF_000205165.1	anaerobe
RS_GCF_000214725.1	anaerobe
RS_GCF_008632335.1	anaerobe
RS_GCF_900111615.1	anaerobe
RS_GCF_004123145.1	anaerobe
RS_GCF_003014615.1	aerobe
RS_GCF_000334915.1	aerobe
RS_GCF_000744815.1	aerobe
RS_GCF_001050115.1	aerobe
RS_GCF_001575205.1	aerobe
RS_GCF_000600335.2	aerobe
RS_GCF_000194625.1	anaerobe
RS_GCF_000426685.1	aerobe
RS_GCF_014395785.1	aerobe
RS_GCF_900111885.1	aerobe
RS_GCF_003121895.1	aerobe
RS_GCF_000385565.1	anaerobe
RS_GCF_000482465.1	aerobe
RS_GCF_000224005.2	anaerobe
RS_GCF_001420915.1	aerobe
RS_GCF_900111575.1	anaerobe
RS_GCF_900099925.1	aerobe
RS_GCF_900100755.1	aerobe
RS_GCF_002224365.1	aerobe
RS_GCF_002156705.1	aerobe
RS_GCF_900130005.1	anaerobe
RS_GCF_000092465.1	anaerobe
RS_GCF_000576635.1	aerobe
RS_GCF_001440545.1	anaerobe
RS_GCF_014635205.1	aerobe
RS_GCF_000260965.1	aerobe
GB_GCA_002973575.1	aerobe
RS_GCF_000246985.2	anaerobe
RS_GCF_900142275.1	anaerobe
RS_GCF_002019635.1	aerobe
RS_GCF_900114255.1	aerobe
RS_GCF_000427295.1	aerobe
RS_GCF_013415885.1	aerobe
RS_GCF_001598275.1	aerobe
RS_GCF_900111835.1	aerobe
RS_GCF_001676705.1	aerobe
RS_GCF_000227745.2	anaerobe
RS_GCF_003012775.1	aerobe
RS_GCF_014203705.1	aerobe
GB_GCA_014647155.1	aerobe
RS_GCF_000194985.1	anaerobe
RS_GCF_001717505.1	anaerobe
RS_GCF_001644645.1	aerobe
RS_GCF_900116425.1	aerobe
RS_GCF_000688455.1	aerobe
GB_GCA_014652275.1	aerobe
GB_GCA_011358955.1	anaerobe
RS_GCF_000190755.2	aerobe
RS_GCF_900103535.1	anaerobe
RS_GCF_013410565.1	aerobe
RS_GCF_001042715.1	anaerobe
GB_GCA_014652335.1	aerobe
RS_GCF_900104245.1	aerobe
GB_GCA_014646995.1	aerobe
RS_GCF_000479045.1	anaerobe
RS_GCF_009193175.1	aerobe
RS_GCF_001997345.1	aerobe
RS_GCF_004307995.1	aerobe
RS_GCF_000430765.1	aerobe
RS_GCF_003217775.1	aerobe
RS_GCF_001182895.1	aerobe
GB_GCA_014635585.1	aerobe
RS_GCF_002259605.1	anaerobe
RS_GCF_000145295.1	anaerobe
GB_GCA_014651495.1	aerobe
RS_GCF_006861795.1	aerobe
RS_GCF_000026225.1	aerobe
RS_GCF_000577335.1	anaerobe
RS_GCF_000521865.1	aerobe
RS_GCF_003667545.1	aerobe
RS_GCF_008086175.1	aerobe
RS_GCF_001435345.1	anaerobe
RS_GCF_009176545.1	anaerobe
RS_GCF_004000905.1	aerobe
RS_GCF_000473325.1	aerobe
RS_GCF_900166595.1	aerobe
RS_GCF_003265345.1	aerobe
RS_GCF_001636295.1	aerobe
RS_GCF_000280495.2	aerobe
GB_GCA_003249035.1	aerobe
RS_GCF_000317065.1	aerobe
RS_GCF_000332175.1	aerobe
GB_GCA_002291895.1	aerobe
RS_GCF_000317085.1	aerobe
RS_GCF_011009555.1	aerobe
RS_GCF_012911975.1	aerobe
GB_GCA_010671905.1	aerobe
RS_GCF_000332095.2	aerobe
RS_GCF_002075285.3	aerobe
GB_GCA_003242035.1	aerobe
GB_GCA_012032345.1	aerobe
GB_GCA_011391125.1	aerobe
RS_GCF_000316625.1	aerobe
GB_GCA_003994795.1	aerobe
RS_GCF_010091925.1	aerobe
RS_GCF_002163975.1	aerobe
RS_GCF_002368395.1	aerobe
RS_GCF_000316645.1	aerobe
RS_GCF_009725235.1	aerobe
RS_GCF_002368075.1	aerobe
RS_GCF_000332135.1	aerobe
GB_GCA_012033205.1	aerobe
RS_GCF_008974145.1	aerobe
GB_GCA_003249095.1	aerobe
RS_GCF_003013815.1	aerobe
GB_GCA_012031035.1	aerobe
RS_GCF_000021805.1	aerobe
RS_GCF_000147335.1	aerobe
RS_GCF_000478825.2	aerobe
RS_GCF_003864295.1	aerobe
RS_GCF_003007785.1	aerobe
RS_GCF_000011385.1	aerobe
GB_GCA_014379585.1	aerobe
GB_GCA_003209655.1	aerobe
RS_GCF_900088535.1	aerobe
GB_GCA_014654725.1	aerobe
RS_GCF_014217855.1	aerobe
RS_GCF_000760295.1	aerobe
RS_GCF_000012505.1	aerobe
GB_GCA_903858015.1	aerobe
GB_GCA_003215335.1	aerobe
RS_GCF_001885215.1	aerobe
GB_GCA_003215655.1	aerobe
RS_GCF_000155555.1	aerobe
GB_GCA_011524395.1	aerobe
GB_GCA_010672925.1	aerobe
RS_GCF_000317515.1	aerobe
GB_GCA_010692645.1	aerobe
RS_GCF_000332275.1	aerobe
GB_GCA_012033055.1	aerobe
GB_GCA_002813895.1	aerobe
RS_GCF_000317675.1	aerobe
RS_GCF_010091945.1	aerobe
RS_GCF_001895925.1	aerobe
GB_GCA_003249025.1	aerobe
RS_GCF_000353285.1	aerobe
RS_GCF_000309945.1	aerobe
RS_GCF_003003795.1	aerobe
GB_GCA_002148405.1	aerobe
GB_GCA_012034655.1	aerobe
GB_GCA_011331465.1	aerobe
GB_GCA_013298165.1	aerobe
GB_GCA_004292745.1	aerobe
RS_GCF_900009135.1	aerobe
RS_GCF_000332155.1	aerobe
GB_GCA_010672585.1	aerobe
RS_GCF_000478195.2	aerobe
RS_GCF_009176225.1	aerobe
GB_GCA_012033335.1	aerobe
GB_GCA_010672085.1	aerobe
RS_GCF_000756305.1	aerobe
GB_GCA_012034765.1	aerobe
RS_GCF_000317575.1	aerobe
RS_GCF_000332055.1	aerobe
RS_GCF_900659865.1	aerobe
RS_GCF_000013205.1	aerobe
GB_GCA_012030715.1	aerobe
GB_GCA_012031565.1	aerobe
RS_GCF_003003885.1	aerobe
RS_GCF_000317125.1	aerobe
RS_GCF_000317555.1	aerobe
RS_GCF_007904085.1	aerobe
RS_GCF_000473895.1	aerobe
GB_GCA_003021505.1	aerobe
RS_GCF_001904725.1	aerobe
GB_GCA_001657325.1	aerobe
GB_GCA_001314905.1	aerobe
GB_GCA_011390275.1	aerobe
RS_GCF_001276715.1	aerobe
GB_GCA_010672965.1	aerobe
RS_GCF_000317105.1	aerobe
RS_GCF_012295525.1	aerobe
GB_GCA_011331985.1	aerobe
RS_GCF_000332035.1	aerobe
RS_GCF_000317495.1	aerobe
RS_GCF_003003775.1	aerobe
RS_GCF_000317145.1	aerobe
GB_GCA_013297675.1	aerobe
RS_GCF_002754935.1	aerobe
RS_GCF_009939295.1	aerobe
GB_GCA_902806435.1	aerobe
GB_GCA_012034865.1	aerobe
RS_GCF_003555505.1	aerobe
RS_GCF_000316685.1	aerobe
RS_GCF_003231495.1	aerobe
RS_GCF_000022045.1	aerobe
RS_GCF_000817745.2	aerobe
GB_GCA_002796835.1	aerobe
RS_GCF_003003615.1	aerobe
RS_GCF_013177315.1	aerobe
GB_GCA_007694125.1	aerobe
RS_GCF_002215035.1	aerobe
RS_GCF_001939115.1	aerobe
GB_GCA_003846445.1	aerobe
RS_GCF_001890765.1	aerobe
GB_GCA_012031265.1	aerobe
RS_GCF_000380225.1	aerobe
RS_GCF_000314005.1	aerobe
GB_GCA_010672165.1	aerobe
RS_GCF_001870225.1	aerobe
GB_GCA_000252485.1	aerobe
GB_GCA_014324065.1	aerobe
GB_GCA_001890975.1	aerobe
RS_GCF_001746915.1	aerobe
GB_GCA_903897715.1	aerobe
RS_GCF_001870905.1	aerobe
GB_GCA_903887375.1	aerobe
GB_GCA_001913845.2	aerobe
RS_GCF_000317045.1	aerobe
GB_GCA_010672865.1	aerobe
RS_GCF_000332315.1	aerobe
GB_GCA_012034805.1	aerobe
RS_GCF_000332335.1	aerobe
RS_GCF_000775285.1	aerobe
GB_GCA_000252485.1	aerobe
GB_GCA_001657325.1	aerobe
GB_GCA_001913845.2	aerobe
GB_GCA_003846445.1	aerobe
RS_GCF_000007925.1	aerobe
RS_GCF_000011385.1	aerobe
RS_GCF_000010065.1	aerobe
RS_GCF_000013225.1	aerobe
RS_GCF_000017845.1	aerobe
RS_GCF_000155595.1	aerobe
RS_GCF_000309945.1	aerobe
RS_GCF_000317045.1	aerobe
RS_GCF_000317085.1	aerobe
RS_GCF_000317495.1	aerobe
RS_GCF_000317515.1	aerobe
RS_GCF_000332035.1	aerobe
RS_GCF_000332055.1	aerobe
RS_GCF_000332275.1	aerobe
RS_GCF_000332315.1	aerobe
RS_GCF_000332335.1	aerobe
RS_GCF_000464785.1	aerobe
RS_GCF_000473895.1	aerobe
RS_GCF_000505665.1	aerobe
RS_GCF_000733415.1	aerobe
RS_GCF_000734895.2	aerobe
RS_GCF_000775285.1	aerobe
RS_GCF_000952155.1	aerobe
RS_GCF_001276715.1	aerobe
RS_GCF_001693255.1	aerobe
RS_GCF_001746915.1	aerobe
RS_GCF_001870225.1	aerobe
RS_GCF_001870905.1	aerobe
RS_GCF_001890765.1	aerobe
RS_GCF_001939115.1	aerobe
GB_GCA_001858525.1	aerobe
